item,condition,position,word,rt,surprisal,length,log_freq,length_lag1,log_freq_lag1,surprisal_lag1,length_lag2,log_freq_lag2,surprisal_lag2
1,orsi,1,El,361.94117647058823,8.230895,2,-3.568433301038069,0.0,0.0,0.0,0.0,0.0,0.0
1,orsi,2,cadete,410.4313725490196,14.147759,6,-12.803909646285794,2.0,-3.568433301038069,8.230895,0.0,0.0,0.0
1,orsi,3,al,387.11764705882354,7.667318,2,-5.2030071867437115,6.0,-12.803909646285794,14.147759,2.0,-3.568433301038069,8.230895
1,orsi,4,que,355.1372549019608,3.839842,3,-3.40822199659912,2.0,-5.2030071867437115,7.667318,6.0,-12.803909646285794,14.147759
1,orsi,5,insultó,482.96078431372547,9.569783,7,-13.720200378159948,3.0,-3.40822199659912,3.839842,2.0,-5.2030071867437115,7.667318
1,orsi,6,el,422.4901960784314,1.886302,2,-3.568433301038069,7.0,-13.720200378159948,9.569783,3.0,-3.40822199659912,3.839842
1,orsi,7,coronel,1007.9411764705883,5.400415,7,-10.154516307339874,2.0,-3.568433301038069,1.886302,7.0,-13.720200378159948,9.569783
1,orsi,8,estuvo,520.0196078431372,7.115708,6,-8.910235779525845,7.0,-10.154516307339874,5.400415,2.0,-3.568433301038069,1.886302
1,orsi,9,en,401.37254901960785,1.380116,2,-3.568433301038069,6.0,-8.910235779525845,7.115708,7.0,-10.154516307339874,5.400415
1,orsi,10,el,405.3333333333333,1.642134,2,-3.568433301038069,2.0,-3.568433301038069,1.380116,6.0,-8.910235779525845,7.115708
1,orsi,11,calabozo.,713.9411764705883,7.774924,9,-12.940041820610373,2.0,-3.568433301038069,1.642134,2.0,-3.568433301038069,1.380116
1,sr,1,El,420.6031746031746,8.230893,2,-3.568433301038069,0.0,0.0,0.0,0.0,0.0,0.0
1,sr,2,cadete,474.36507936507934,14.147748,6,-12.803909646285794,2.0,-3.568433301038069,8.230893,0.0,0.0,0.0
1,sr,3,que,412.0952380952381,8.091349,3,-3.40822199659912,6.0,-12.803909646285794,14.147748,2.0,-3.568433301038069,8.230893
1,sr,4,insultó,496.87301587301585,12.378655,7,-13.720200378159948,3.0,-3.40822199659912,8.091349,6.0,-12.803909646285794,14.147748
1,sr,5,al,442.57142857142856,1.222252,2,-5.2030071867437115,7.0,-13.720200378159948,12.378655,3.0,-3.40822199659912,8.091349
1,sr,6,coronel,742.1111111111111,5.455677,7,-10.154516307339874,2.0,-5.2030071867437115,1.222252,7.0,-13.720200378159948,12.378655
1,sr,7,estuvo,695.4444444444445,8.185845,6,-8.910235779525845,7.0,-10.154516307339874,5.455677,2.0,-5.2030071867437115,1.222252
1,sr,8,en,454.85714285714283,1.343892,2,-3.568433301038069,6.0,-8.910235779525845,8.185845,7.0,-10.154516307339874,5.455677
1,sr,9,el,427.25396825396825,1.914895,2,-3.568433301038069,2.0,-3.568433301038069,1.343892,6.0,-8.910235779525845,8.185845
1,sr,10,calabozo.,833.4761904761905,7.205461,9,-12.940041820610373,2.0,-3.568433301038069,1.914895,2.0,-3.568433301038069,1.343892
1,tor,1,El,351.06382978723406,8.230895,2,-3.568433301038069,0.0,0.0,0.0,0.0,0.0,0.0
1,tor,2,cadete,464.6170212765957,14.147759,6,-12.803909646285794,2.0,-3.568433301038069,8.230895,0.0,0.0,0.0
1,tor,3,al,387.02127659574467,7.667318,2,-5.2030071867437115,6.0,-12.803909646285794,14.147759,2.0,-3.568433301038069,8.230895
1,tor,4,que,400.93617021276594,3.839842,3,-3.40822199659912,2.0,-5.2030071867437115,7.667318,6.0,-12.803909646285794,14.147759
1,tor,5,el,411.93617021276594,4.273046,2,-3.568433301038069,3.0,-3.40822199659912,3.839842,2.0,-5.2030071867437115,7.667318
1,tor,6,coronel,558.7021276595744,4.54518,7,-10.154516307339874,2.0,-3.568433301038069,4.273046,3.0,-3.40822199659912,3.839842
1,tor,7,insultó,1195.531914893617,7.385539,7,-13.720200378159948,7.0,-10.154516307339874,4.54518,2.0,-3.568433301038069,4.273046
1,tor,8,estuvo,700.2765957446809,7.88441,6,-8.910235779525845,7.0,-13.720200378159948,7.385539,7.0,-10.154516307339874,4.54518
1,tor,9,en,443.51063829787233,1.644494,2,-3.568433301038069,6.0,-8.910235779525845,7.88441,7.0,-13.720200378159948,7.385539
1,tor,10,el,422.21276595744683,1.647995,2,-3.568433301038069,2.0,-3.568433301038069,1.644494,6.0,-8.910235779525845,7.88441
1,tor,11,calabozo.,821.2340425531914,7.899824,9,-12.940041820610373,2.0,-3.568433301038069,1.647995,2.0,-3.568433301038069,1.644494
2,orsi,1,El,369.1521739130435,8.230895,2,-3.568433301038069,0.0,0.0,0.0,0.0,0.0,0.0
2,orsi,2,sacerdote,431.9782608695652,12.961464,9,-10.865822222911689,2.0,-3.568433301038069,8.230895,0.0,0.0,0.0
2,orsi,3,al,493.4347826086956,5.50465,2,-5.2030071867437115,9.0,-10.865822222911689,12.961464,2.0,-3.568433301038069,8.230895
2,orsi,4,que,388.2173913043478,3.685527,3,-3.40822199659912,2.0,-5.2030071867437115,5.50465,9.0,-10.865822222911689,12.961464
2,orsi,5,rescató,498.2391304347826,9.260041,7,-13.308692955595822,3.0,-3.40822199659912,3.685527,2.0,-5.2030071867437115,5.50465
2,orsi,6,el,468.3478260869565,1.683854,2,-3.568433301038069,7.0,-13.308692955595822,9.260041,3.0,-3.40822199659912,3.685527
2,orsi,7,muchacho,990.2173913043479,8.412727,8,-10.865822222911689,2.0,-3.568433301038069,1.683854,7.0,-13.308692955595822,9.260041
2,orsi,8,nadaba,639.5434782608696,14.110595,6,-14.967523623359499,8.0,-10.865822222911689,8.412727,2.0,-3.568433301038069,1.683854
2,orsi,9,en,434.45652173913044,1.066764,2,-3.568433301038069,6.0,-14.967523623359499,14.110595,8.0,-10.865822222911689,8.412727
2,orsi,10,el,438.54347826086956,0.673404,2,-3.568433301038069,2.0,-3.568433301038069,1.066764,6.0,-14.967523623359499,14.110595
2,orsi,11,río.,866.3913043478261,0.891491,4,-8.979228651012797,2.0,-3.568433301038069,0.673404,2.0,-3.568433301038069,1.066764
2,sr,1,El,355.12698412698415,8.230895,2,-3.568433301038069,0.0,0.0,0.0,0.0,0.0,0.0
2,sr,2,sacerdote,451.9047619047619,12.961464,9,-10.865822222911689,2.0,-3.568433301038069,8.230895,0.0,0.0,0.0
2,sr,3,que,383.57142857142856,2.887667,3,-3.40822199659912,9.0,-10.865822222911689,12.961464,2.0,-3.568433301038069,8.230895
2,sr,4,rescató,425.1746031746032,7.984146,7,-13.308692955595822,3.0,-3.40822199659912,2.887667,9.0,-10.865822222911689,12.961464
2,sr,5,al,409.6825396825397,2.643905,2,-5.2030071867437115,7.0,-13.308692955595822,7.984146,3.0,-3.40822199659912,2.887667
2,sr,6,muchacho,669.3174603174604,7.765688,8,-10.865822222911689,2.0,-5.2030071867437115,2.643905,7.0,-13.308692955595822,7.984146
2,sr,7,nadaba,542.7460317460317,16.159831,6,-14.967523623359499,8.0,-10.865822222911689,7.765688,2.0,-5.2030071867437115,2.643905
2,sr,8,en,407.0952380952381,1.090936,2,-3.568433301038069,6.0,-14.967523623359499,16.159831,8.0,-10.865822222911689,7.765688
2,sr,9,el,358.6507936507937,0.969529,2,-3.568433301038069,2.0,-3.568433301038069,1.090936,6.0,-14.967523623359499,16.159831
2,sr,10,río.,685.1111111111111,1.096443,4,-8.979228651012797,2.0,-3.568433301038069,0.969529,2.0,-3.568433301038069,1.090936
2,tor,1,El,394.46666666666664,8.230895,2,-3.568433301038069,0.0,0.0,0.0,0.0,0.0,0.0
2,tor,2,sacerdote,508.45,12.961464,9,-10.865822222911689,2.0,-3.568433301038069,8.230895,0.0,0.0,0.0
2,tor,3,al,460.6,5.50465,2,-5.2030071867437115,9.0,-10.865822222911689,12.961464,2.0,-3.568433301038069,8.230895
2,tor,4,que,440.9166666666667,3.685527,3,-3.40822199659912,2.0,-5.2030071867437115,5.50465,9.0,-10.865822222911689,12.961464
2,tor,5,el,434.03333333333336,3.308557,2,-3.568433301038069,3.0,-3.40822199659912,3.685527,2.0,-5.2030071867437115,5.50465
2,tor,6,muchacho,595.95,11.280444,8,-10.865822222911689,2.0,-3.568433301038069,3.308557,3.0,-3.40822199659912,3.685527
2,tor,7,rescató,903.75,7.184211,7,-13.308692955595822,8.0,-10.865822222911689,11.280444,2.0,-3.568433301038069,3.308557
2,tor,8,nadaba,816.1833333333333,12.120356,6,-14.967523623359499,7.0,-13.308692955595822,7.184211,8.0,-10.865822222911689,11.280444
2,tor,9,en,495.43333333333334,0.803026,2,-3.568433301038069,6.0,-14.967523623359499,12.120356,7.0,-13.308692955595822,7.184211
2,tor,10,el,446.6333333333333,0.863261,2,-3.568433301038069,2.0,-3.568433301038069,0.803026,6.0,-14.967523623359499,12.120356
2,tor,11,río.,942.6949152542373,0.955415,4,-8.979228651012797,2.0,-3.568433301038069,0.863261,2.0,-3.568433301038069,0.803026
3,orsi,1,El,393.1372549019608,8.230895,2,-3.568433301038069,0.0,0.0,0.0,0.0,0.0,0.0
3,orsi,2,cantante,492.62745098039215,10.814626,8,-10.4311202946185,2.0,-3.568433301038069,8.230895,0.0,0.0,0.0
3,orsi,3,al,444.80392156862746,7.27007,2,-5.2030071867437115,8.0,-10.4311202946185,10.814626,2.0,-3.568433301038069,8.230895
3,orsi,4,que,432.29411764705884,0.573787,3,-3.40822199659912,2.0,-5.2030071867437115,7.27007,8.0,-10.4311202946185,10.814626
3,orsi,5,empujó,551.2745098039215,10.389762,6,-12.871604659057144,3.0,-3.40822199659912,0.573787,2.0,-5.2030071867437115,7.27007
3,orsi,6,el,490.0980392156863,1.951267,2,-3.568433301038069,6.0,-12.871604659057144,10.389762,3.0,-3.40822199659912,0.573787
3,orsi,7,escritor,1066.137254901961,7.346868,8,-9.923690259853647,2.0,-3.568433301038069,1.951267,6.0,-12.871604659057144,10.389762
3,orsi,8,conduce,727.3921568627451,12.066675,7,-11.055500617931353,8.0,-9.923690259853647,7.346868,2.0,-3.568433301038069,1.951267
3,orsi,9,un,483.45098039215685,2.206071,2,-4.448166437178426,7.0,-11.055500617931353,12.066675,8.0,-9.923690259853647,7.346868
3,orsi,10,coche,478.54901960784315,2.609074,5,-9.808177372731803,2.0,-4.448166437178426,2.206071,7.0,-11.055500617931353,12.066675
3,orsi,11,rojo.,865.8235294117648,5.413108,5,-9.57850969534065,5.0,-9.808177372731803,2.609074,2.0,-4.448166437178426,2.206071
3,sr,1,El,364.73333333333335,8.230895,2,-3.568433301038069,0.0,0.0,0.0,0.0,0.0,0.0
3,sr,2,cantante,456.0,10.814626,8,-10.4311202946185,2.0,-3.568433301038069,8.230895,0.0,0.0,0.0
3,sr,3,que,391.21666666666664,3.257122,3,-3.40822199659912,8.0,-10.4311202946185,10.814626,2.0,-3.568433301038069,8.230895
3,sr,4,empujó,491.3,9.934334,6,-12.871604659057144,3.0,-3.40822199659912,3.257122,8.0,-10.4311202946185,10.814626
3,sr,5,al,436.98333333333335,1.997844,2,-5.2030071867437115,6.0,-12.871604659057144,9.934334,3.0,-3.40822199659912,3.257122
3,sr,6,escritor,579.8333333333334,7.985484,8,-9.923690259853647,2.0,-5.2030071867437115,1.997844,6.0,-12.871604659057144,9.934334
3,sr,7,conduce,719.7666666666667,13.358628,7,-11.055500617931353,8.0,-9.923690259853647,7.985484,2.0,-5.2030071867437115,1.997844
3,sr,8,un,463.0833333333333,2.57139,2,-4.448166437178426,7.0,-11.055500617931353,13.358628,8.0,-9.923690259853647,7.985484
3,sr,9,coche,496.76666666666665,3.714985,5,-9.808177372731803,2.0,-4.448166437178426,2.57139,7.0,-11.055500617931353,13.358628
3,sr,10,rojo.,662.2333333333333,5.827316,5,-9.57850969534065,5.0,-9.808177372731803,3.714985,2.0,-4.448166437178426,2.57139
3,tor,1,El,371.26190476190476,8.230895,2,-3.568433301038069,0.0,0.0,0.0,0.0,0.0,0.0
3,tor,2,cantante,490.5,10.814626,8,-10.4311202946185,2.0,-3.568433301038069,8.230895,0.0,0.0,0.0
3,tor,3,al,407.9761904761905,7.27007,2,-5.2030071867437115,8.0,-10.4311202946185,10.814626,2.0,-3.568433301038069,8.230895
3,tor,4,que,386.95238095238096,0.573787,3,-3.40822199659912,2.0,-5.2030071867437115,7.27007,8.0,-10.4311202946185,10.814626
3,tor,5,el,400.4761904761905,3.777566,2,-3.568433301038069,3.0,-3.40822199659912,0.573787,2.0,-5.2030071867437115,7.27007
3,tor,6,escritor,495.2857142857143,6.553968,8,-9.923690259853647,2.0,-3.568433301038069,3.777566,3.0,-3.40822199659912,0.573787
3,tor,7,empujó,1110.047619047619,11.938223,6,-12.871604659057144,8.0,-9.923690259853647,6.553968,2.0,-3.568433301038069,3.777566
3,tor,8,conduce,767.452380952381,13.769427,7,-11.055500617931353,6.0,-12.871604659057144,11.938223,8.0,-9.923690259853647,6.553968
3,tor,9,un,447.8095238095238,1.768876,2,-4.448166437178426,7.0,-11.055500617931353,13.769427,6.0,-12.871604659057144,11.938223
3,tor,10,coche,426.9761904761905,2.673428,5,-9.808177372731803,2.0,-4.448166437178426,1.768876,7.0,-11.055500617931353,13.769427
3,tor,11,rojo.,824.5238095238095,5.932982,5,-9.57850969534065,5.0,-9.808177372731803,2.673428,2.0,-4.448166437178426,1.768876
4,orsi,1,El,370.0217391304348,8.230895,2,-3.568433301038069,0.0,0.0,0.0,0.0,0.0,0.0
4,orsi,2,marinero,452.17391304347825,13.892916,8,-12.571355964005505,2.0,-3.568433301038069,8.230895,0.0,0.0,0.0
4,orsi,3,al,395.1521739130435,5.923477,2,-5.2030071867437115,8.0,-12.571355964005505,13.892916,2.0,-3.568433301038069,8.230895
4,orsi,4,que,361.5217391304348,1.480728,3,-3.40822199659912,2.0,-5.2030071867437115,5.923477,8.0,-12.571355964005505,13.892916
4,orsi,5,ofendió,462.1304347826087,10.228281,7,-13.838779184903627,3.0,-3.40822199659912,1.480728,2.0,-5.2030071867437115,5.923477
4,orsi,6,el,436.82608695652175,1.768133,2,-3.568433301038069,7.0,-13.838779184903627,10.228281,3.0,-3.40822199659912,1.480728
4,orsi,7,concejal,1028.0434782608695,7.06441,8,-11.605040753878034,2.0,-3.568433301038069,1.768133,7.0,-13.838779184903627,10.228281
4,orsi,8,odia,778.7391304347826,11.937714,4,-11.258283246596648,8.0,-11.605040753878034,7.06441,2.0,-3.568433301038069,1.768133
4,orsi,9,a,493.19565217391306,1.041672,1,-3.7766183684219428,4.0,-11.258283246596648,11.937714,8.0,-11.605040753878034,7.06441
4,orsi,10,los,471.30434782608694,1.166517,3,-4.193060535161258,1.0,-3.7766183684219428,1.041672,4.0,-11.258283246596648,11.937714
4,orsi,11,políticos.,771.2826086956521,0.846997,10,-8.932708635377903,3.0,-4.193060535161258,1.166517,1.0,-3.7766183684219428,1.041672
4,sr,1,El,388.12307692307695,8.230893,2,-3.568433301038069,0.0,0.0,0.0,0.0,0.0,0.0
4,sr,2,marinero,462.7692307692308,13.89292,8,-12.571355964005505,2.0,-3.568433301038069,8.230893,0.0,0.0,0.0
4,sr,3,que,431.03076923076924,3.602364,3,-3.40822199659912,8.0,-12.571355964005505,13.89292,2.0,-3.568433301038069,8.230893
4,sr,4,ofendió,470.84615384615387,10.620836,7,-13.838779184903627,3.0,-3.40822199659912,3.602364,8.0,-12.571355964005505,13.89292
4,sr,5,al,433.26153846153846,1.535885,2,-5.2030071867437115,7.0,-13.838779184903627,10.620836,3.0,-3.40822199659912,3.602364
4,sr,6,concejal,814.2923076923076,8.481852,8,-11.605040753878034,2.0,-5.2030071867437115,1.535885,7.0,-13.838779184903627,10.620836
4,sr,7,odia,591.4615384615385,12.794655,4,-11.258283246596648,8.0,-11.605040753878034,8.481852,2.0,-5.2030071867437115,1.535885
4,sr,8,a,517.3076923076923,0.990284,1,-3.7766183684219428,4.0,-11.258283246596648,12.794655,8.0,-11.605040753878034,8.481852
4,sr,9,los,456.15384615384613,1.119825,3,-4.193060535161258,1.0,-3.7766183684219428,0.990284,4.0,-11.258283246596648,12.794655
4,sr,10,políticos.,792.2307692307693,1.501739,10,-8.932708635377903,3.0,-4.193060535161258,1.119825,1.0,-3.7766183684219428,0.990284
4,tor,1,El,387.4590163934426,8.230895,2,-3.568433301038069,0.0,0.0,0.0,0.0,0.0,0.0
4,tor,2,marinero,480.5081967213115,13.892916,8,-12.571355964005505,2.0,-3.568433301038069,8.230895,0.0,0.0,0.0
4,tor,3,al,401.73770491803276,5.923477,2,-5.2030071867437115,8.0,-12.571355964005505,13.892916,2.0,-3.568433301038069,8.230895
4,tor,4,que,408.8196721311475,1.480728,3,-3.40822199659912,2.0,-5.2030071867437115,5.923477,8.0,-12.571355964005505,13.892916
4,tor,5,el,399.0655737704918,3.614669,2,-3.568433301038069,3.0,-3.40822199659912,1.480728,2.0,-5.2030071867437115,5.923477
4,tor,6,concejal,517.5901639344262,9.584227,8,-11.605040753878034,2.0,-3.568433301038069,3.614669,3.0,-3.40822199659912,1.480728
4,tor,7,ofendió,1182.0983606557377,11.450302,7,-13.838779184903627,8.0,-11.605040753878034,9.584227,2.0,-3.568433301038069,3.614669
4,tor,8,odia,814.4754098360655,12.202305,4,-11.258283246596648,7.0,-13.838779184903627,11.450302,8.0,-11.605040753878034,9.584227
4,tor,9,a,559.5081967213115,0.874312,1,-3.7766183684219428,4.0,-11.258283246596648,12.202305,7.0,-13.838779184903627,11.450302
4,tor,10,los,591.7868852459017,0.912981,3,-4.193060535161258,1.0,-3.7766183684219428,0.874312,4.0,-11.258283246596648,12.202305
4,tor,11,políticos.,797.7868852459017,1.210533,10,-8.932708635377903,3.0,-4.193060535161258,0.912981,1.0,-3.7766183684219428,0.874312
5,orsi,1,El,384.0,8.230895,2,-3.568433301038069,0.0,0.0,0.0,0.0,0.0,0.0
5,orsi,2,joyero,477.7118644067797,13.078891,6,-14.16082174325269,2.0,-3.568433301038069,8.230895,0.0,0.0,0.0
5,orsi,3,al,427.2542372881356,7.741257,2,-5.2030071867437115,6.0,-14.16082174325269,13.078891,2.0,-3.568433301038069,8.230895
5,orsi,4,que,393.0169491525424,4.332319,3,-3.40822199659912,2.0,-5.2030071867437115,7.741257,6.0,-14.16082174325269,13.078891
5,orsi,5,delató,528.0169491525423,9.719985,6,-14.82886300268156,3.0,-3.40822199659912,4.332319,2.0,-5.2030071867437115,7.741257
5,orsi,6,el,475.5762711864407,1.528812,2,-3.568433301038069,6.0,-14.82886300268156,9.719985,3.0,-3.40822199659912,4.332319
5,orsi,7,perista,859.3220338983051,11.81708,7,-18.077091039562287,2.0,-3.568433301038069,1.528812,6.0,-14.82886300268156,9.719985
5,orsi,8,confiaba,712.2542372881356,15.024346,8,-13.078346491987555,7.0,-18.077091039562287,11.81708,2.0,-3.568433301038069,1.528812
5,orsi,9,en,427.0169491525424,0.303382,2,-3.568433301038069,8.0,-13.078346491987555,15.024346,7.0,-18.077091039562287,11.81708
5,orsi,10,la,452.79661016949154,2.01171,2,-3.315937537711332,2.0,-3.568433301038069,0.303382,8.0,-13.078346491987555,15.024346
5,orsi,11,justicia.,983.1016949152543,3.35247,9,-8.72791422273189,2.0,-3.315937537711332,2.01171,2.0,-3.568433301038069,0.303382
5,sr,1,El,374.32835820895525,8.230893,2,-3.568433301038069,0.0,0.0,0.0,0.0,0.0,0.0
5,sr,2,joyero,475.04477611940297,13.078892,6,-14.16082174325269,2.0,-3.568433301038069,8.230893,0.0,0.0,0.0
5,sr,3,que,377.35820895522386,6.106395,3,-3.40822199659912,6.0,-14.16082174325269,13.078892,2.0,-3.568433301038069,8.230893
5,sr,4,delató,449.8955223880597,10.93536,6,-14.82886300268156,3.0,-3.40822199659912,6.106395,6.0,-14.16082174325269,13.078892
5,sr,5,al,443.7014925373134,3.307629,2,-5.2030071867437115,6.0,-14.82886300268156,10.93536,3.0,-3.40822199659912,6.106395
5,sr,6,perista,764.5820895522388,13.162092,7,-18.077091039562287,2.0,-5.2030071867437115,3.307629,6.0,-14.82886300268156,10.93536
5,sr,7,confiaba,654.6716417910447,15.531694,8,-13.078346491987555,7.0,-18.077091039562287,13.162092,2.0,-5.2030071867437115,3.307629
5,sr,8,en,406.23880597014926,0.347246,2,-3.568433301038069,8.0,-13.078346491987555,15.531694,7.0,-18.077091039562287,13.162092
5,sr,9,la,419.4776119402985,1.973778,2,-3.315937537711332,2.0,-3.568433301038069,0.347246,8.0,-13.078346491987555,15.531694
5,sr,10,justicia.,782.955223880597,3.339394,9,-8.72791422273189,2.0,-3.315937537711332,1.973778,2.0,-3.568433301038069,0.347246
5,tor,1,El,415.7111111111111,8.230895,2,-3.568433301038069,0.0,0.0,0.0,0.0,0.0,0.0
5,tor,2,joyero,516.1333333333333,13.078891,6,-14.16082174325269,2.0,-3.568433301038069,8.230895,0.0,0.0,0.0
5,tor,3,al,428.44444444444446,7.741257,2,-5.2030071867437115,6.0,-14.16082174325269,13.078891,2.0,-3.568433301038069,8.230895
5,tor,4,que,459.5111111111111,4.332319,3,-3.40822199659912,2.0,-5.2030071867437115,7.741257,6.0,-14.16082174325269,13.078891
5,tor,5,el,465.15555555555557,5.219095,2,-3.568433301038069,3.0,-3.40822199659912,4.332319,2.0,-5.2030071867437115,7.741257
5,tor,6,perista,729.0888888888888,16.560881,7,-18.077091039562287,2.0,-3.568433301038069,5.219095,3.0,-3.40822199659912,4.332319
5,tor,7,delató,1160.6,16.876119,6,-14.82886300268156,7.0,-18.077091039562287,16.560881,2.0,-3.568433301038069,5.219095
5,tor,8,confiaba,666.7333333333333,13.858001,8,-13.078346491987555,6.0,-14.82886300268156,16.876119,7.0,-18.077091039562287,16.560881
5,tor,9,en,480.6222222222222,0.20184,2,-3.568433301038069,8.0,-13.078346491987555,13.858001,6.0,-14.82886300268156,16.876119
5,tor,10,la,456.35555555555555,1.958901,2,-3.315937537711332,2.0,-3.568433301038069,0.20184,8.0,-13.078346491987555,13.858001
5,tor,11,justicia.,836.9090909090909,2.985687,9,-8.72791422273189,2.0,-3.315937537711332,1.958901,2.0,-3.568433301038069,0.20184
6,orsi,1,El,448.7317073170732,8.230895,2,-3.568433301038069,0.0,0.0,0.0,0.0,0.0,0.0
6,orsi,2,político,441.4634146341463,12.236973,8,-8.752915524937308,2.0,-3.568433301038069,8.230895,0.0,0.0,0.0
6,orsi,3,al,403.1951219512195,6.290773,2,-5.2030071867437115,8.0,-8.752915524937308,12.236973,2.0,-3.568433301038069,8.230895
6,orsi,4,que,413.0,2.667866,3,-3.40822199659912,2.0,-5.2030071867437115,6.290773,8.0,-8.752915524937308,12.236973
6,orsi,5,elogiaba,557.3658536585366,12.449279,8,-15.405145843102193,3.0,-3.40822199659912,2.667866,2.0,-5.2030071867437115,6.290773
6,orsi,6,el,480.0487804878049,2.10795,2,-3.568433301038069,8.0,-15.405145843102193,12.449279,3.0,-3.40822199659912,2.667866
6,orsi,7,ciclista,1366.0975609756097,11.147372,8,-12.1346826494435,2.0,-3.568433301038069,2.10795,8.0,-15.405145843102193,12.449279
6,orsi,8,tuvo,834.3414634146342,8.565836,4,-8.563237129917644,8.0,-12.1346826494435,11.147372,2.0,-3.568433301038069,2.10795
6,orsi,9,un,485.6585365853659,2.546311,2,-4.448166437178426,4.0,-8.563237129917644,8.565836,8.0,-12.1346826494435,11.147372
6,orsi,10,grave,438.9756097560976,4.829255,5,-9.854697388366695,2.0,-4.448166437178426,2.546311,4.0,-8.563237129917644,8.565836
6,orsi,11,percance.,1021.9512195121952,3.613747,9,-14.046182375699274,5.0,-9.854697388366695,4.829255,2.0,-4.448166437178426,2.546311
6,sr,1,El,382.1475409836066,8.230893,2,-3.568433301038069,0.0,0.0,0.0,0.0,0.0,0.0
6,sr,2,político,412.1967213114754,12.236979,8,-8.752915524937308,2.0,-3.568433301038069,8.230893,0.0,0.0,0.0
6,sr,3,que,382.8524590163934,4.091962,3,-3.40822199659912,8.0,-8.752915524937308,12.236979,2.0,-3.568433301038069,8.230893
6,sr,4,elogiaba,441.9344262295082,11.609351,8,-15.405145843102193,3.0,-3.40822199659912,4.091962,8.0,-8.752915524937308,12.236979
6,sr,5,al,418.40983606557376,2.446009,2,-5.2030071867437115,8.0,-15.405145843102193,11.609351,3.0,-3.40822199659912,4.091962
6,sr,6,ciclista,776.0,10.663256,8,-12.1346826494435,2.0,-5.2030071867437115,2.446009,8.0,-15.405145843102193,11.609351
6,sr,7,tuvo,754.0,8.527771,4,-8.563237129917644,8.0,-12.1346826494435,10.663256,2.0,-5.2030071867437115,2.446009
6,sr,8,un,508.344262295082,2.43114,2,-4.448166437178426,4.0,-8.563237129917644,8.527771,8.0,-12.1346826494435,10.663256
6,sr,9,grave,436.72131147540983,5.000984,5,-9.854697388366695,2.0,-4.448166437178426,2.43114,4.0,-8.563237129917644,8.527771
6,sr,10,percance.,765.2131147540983,3.771268,9,-14.046182375699274,5.0,-9.854697388366695,5.000984,2.0,-4.448166437178426,2.43114
6,tor,1,El,366.9344262295082,8.230895,2,-3.568433301038069,0.0,0.0,0.0,0.0,0.0,0.0
6,tor,2,político,443.11475409836066,12.236973,8,-8.752915524937308,2.0,-3.568433301038069,8.230895,0.0,0.0,0.0
6,tor,3,al,387.21311475409834,6.290773,2,-5.2030071867437115,8.0,-8.752915524937308,12.236973,2.0,-3.568433301038069,8.230895
6,tor,4,que,393.26229508196724,2.667866,3,-3.40822199659912,2.0,-5.2030071867437115,6.290773,8.0,-8.752915524937308,12.236973
6,tor,5,el,382.672131147541,3.337725,2,-3.568433301038069,3.0,-3.40822199659912,2.667866,2.0,-5.2030071867437115,6.290773
6,tor,6,ciclista,516.639344262295,10.361638,8,-12.1346826494435,2.0,-3.568433301038069,3.337725,3.0,-3.40822199659912,2.667866
6,tor,7,elogiaba,787.5573770491803,9.463552,8,-15.405145843102193,8.0,-12.1346826494435,10.361638,2.0,-3.568433301038069,3.337725
6,tor,8,tuvo,928.0983606557377,8.027175,4,-8.563237129917644,8.0,-15.405145843102193,9.463552,8.0,-12.1346826494435,10.361638
6,tor,9,un,511.0163934426229,2.143974,2,-4.448166437178426,4.0,-8.563237129917644,8.027175,8.0,-15.405145843102193,9.463552
6,tor,10,grave,466.21311475409834,5.279128,5,-9.854697388366695,2.0,-4.448166437178426,2.143974,4.0,-8.563237129917644,8.027175
6,tor,11,percance.,739.2459016393443,4.011119,9,-14.046182375699274,5.0,-9.854697388366695,5.279128,2.0,-4.448166437178426,2.143974
7,orsi,1,El,383.7708333333333,8.230895,2,-3.568433301038069,0.0,0.0,0.0,0.0,0.0,0.0
7,orsi,2,anciano,438.2916666666667,15.135965,7,-11.493122837674049,2.0,-3.568433301038069,8.230895,0.0,0.0,0.0
7,orsi,3,al,375.125,5.467532,2,-5.2030071867437115,7.0,-11.493122837674049,15.135965,2.0,-3.568433301038069,8.230895
7,orsi,4,que,385.2916666666667,2.466565,3,-3.40822199659912,2.0,-5.2030071867437115,5.467532,7.0,-11.493122837674049,15.135965
7,orsi,5,agredió,497.9375,7.976499,7,-13.90762584687208,3.0,-3.40822199659912,2.466565,2.0,-5.2030071867437115,5.467532
7,orsi,6,el,462.5208333333333,2.234687,2,-3.568433301038069,7.0,-13.90762584687208,7.976499,3.0,-3.40822199659912,2.466565
7,orsi,7,borracho,999.1666666666666,7.664126,8,-11.417615285165903,2.0,-3.568433301038069,2.234687,7.0,-13.90762584687208,7.976499
7,orsi,8,paseaba,726.7708333333334,11.750194,7,-13.815510557964274,8.0,-11.417615285165903,7.664126,2.0,-3.568433301038069,2.234687
7,orsi,9,por,484.4166666666667,2.404338,3,-4.509860006183766,7.0,-13.815510557964274,11.750194,8.0,-11.417615285165903,7.664126
7,orsi,10,la,416.2708333333333,1.204657,2,-3.315937537711332,3.0,-4.509860006183766,2.404338,7.0,-13.815510557964274,11.750194
7,orsi,11,calle.,643.7708333333334,0.550571,6,-8.589763884251072,2.0,-3.315937537711332,1.204657,3.0,-4.509860006183766,2.404338
7,sr,1,El,403.06451612903226,8.230893,2,-3.568433301038069,0.0,0.0,0.0,0.0,0.0,0.0
7,sr,2,anciano,452.4516129032258,15.135967,7,-11.493122837674049,2.0,-3.568433301038069,8.230893,0.0,0.0,0.0
7,sr,3,que,414.06451612903226,3.384604,3,-3.40822199659912,7.0,-11.493122837674049,15.135967,2.0,-3.568433301038069,8.230893
7,sr,4,agredió,533.9516129032259,10.544076,7,-13.90762584687208,3.0,-3.40822199659912,3.384604,7.0,-11.493122837674049,15.135967
7,sr,5,al,462.4032258064516,3.018057,2,-5.2030071867437115,7.0,-13.90762584687208,10.544076,3.0,-3.40822199659912,3.384604
7,sr,6,borracho,896.2741935483871,8.755022,8,-11.417615285165903,2.0,-5.2030071867437115,3.018057,7.0,-13.90762584687208,10.544076
7,sr,7,paseaba,579.2258064516129,11.5358,7,-13.815510557964274,8.0,-11.417615285165903,8.755022,2.0,-5.2030071867437115,3.018057
7,sr,8,por,463.8225806451613,1.868158,3,-4.509860006183766,7.0,-13.815510557964274,11.5358,8.0,-11.417615285165903,8.755022
7,sr,9,la,490.2903225806452,1.116782,2,-3.315937537711332,3.0,-4.509860006183766,1.868158,7.0,-13.815510557964274,11.5358
7,sr,10,calle.,791.6290322580645,0.522416,6,-8.589763884251072,2.0,-3.315937537711332,1.116782,3.0,-4.509860006183766,1.868158
7,tor,1,El,485.15909090909093,8.230895,2,-3.568433301038069,0.0,0.0,0.0,0.0,0.0,0.0
7,tor,2,anciano,494.52272727272725,15.135965,7,-11.493122837674049,2.0,-3.568433301038069,8.230895,0.0,0.0,0.0
7,tor,3,al,383.47727272727275,5.467532,2,-5.2030071867437115,7.0,-11.493122837674049,15.135965,2.0,-3.568433301038069,8.230895
7,tor,4,que,393.22727272727275,2.466565,3,-3.40822199659912,2.0,-5.2030071867437115,5.467532,7.0,-11.493122837674049,15.135965
7,tor,5,el,414.72727272727275,3.687037,2,-3.568433301038069,3.0,-3.40822199659912,2.466565,2.0,-5.2030071867437115,5.467532
7,tor,6,borracho,621.2272727272727,9.592102,8,-11.417615285165903,2.0,-3.568433301038069,3.687037,3.0,-3.40822199659912,2.466565
7,tor,7,agredió,1343.9318181818182,6.213478,7,-13.90762584687208,8.0,-11.417615285165903,9.592102,2.0,-3.568433301038069,3.687037
7,tor,8,paseaba,737.7954545454545,12.981843,7,-13.815510557964274,7.0,-13.90762584687208,6.213478,8.0,-11.417615285165903,9.592102
7,tor,9,por,536.8409090909091,1.550362,3,-4.509860006183766,7.0,-13.815510557964274,12.981843,7.0,-13.90762584687208,6.213478
7,tor,10,la,410.1818181818182,1.027508,2,-3.315937537711332,3.0,-4.509860006183766,1.550362,7.0,-13.815510557964274,12.981843
7,tor,11,calle.,776.3181818181819,0.771107,6,-8.589763884251072,2.0,-3.315937537711332,1.027508,3.0,-4.509860006183766,1.550362
8,orsi,1,El,397.5344827586207,8.230895,2,-3.568433301038069,0.0,0.0,0.0,0.0,0.0,0.0
8,orsi,2,alcalde,450.7586206896552,9.055181,7,-9.716178454231134,2.0,-3.568433301038069,8.230895,0.0,0.0,0.0
8,orsi,3,al,442.87931034482756,7.436787,2,-5.2030071867437115,7.0,-9.716178454231134,9.055181,2.0,-3.568433301038069,8.230895
8,orsi,4,que,397.3103448275862,3.195995,3,-3.40822199659912,2.0,-5.2030071867437115,7.436787,7.0,-9.716178454231134,9.055181
8,orsi,5,recibió,524.2241379310345,8.843728,7,-9.786593801064628,3.0,-3.40822199659912,3.195995,2.0,-5.2030071867437115,7.436787
8,orsi,6,el,462.3448275862069,1.624632,2,-3.568433301038069,7.0,-9.786593801064628,8.843728,3.0,-3.40822199659912,3.195995
8,orsi,7,empresario,973.0,8.898602,10,-10.752119635936468,2.0,-3.568433301038069,1.624632,7.0,-9.786593801064628,8.843728
8,orsi,8,declarará,628.9310344827586,13.609785,9,-14.069113316763191,10.0,-10.752119635936468,8.898602,2.0,-3.568433301038069,1.624632
8,orsi,9,ante,498.2586206896552,2.351809,4,-8.105083540589405,9.0,-14.069113316763191,13.609785,10.0,-10.752119635936468,8.898602
8,orsi,10,el,424.41379310344826,1.199455,2,-3.568433301038069,4.0,-8.105083540589405,2.351809,9.0,-14.069113316763191,13.609785
8,orsi,11,juez.,626.2413793103449,0.885568,5,-9.601902574915355,2.0,-3.568433301038069,1.199455,4.0,-8.105083540589405,2.351809
8,sr,1,El,434.67857142857144,8.230893,2,-3.568433301038069,0.0,0.0,0.0,0.0,0.0,0.0
8,sr,2,alcalde,449.89285714285717,9.055174,7,-9.716178454231134,2.0,-3.568433301038069,8.230893,0.0,0.0,0.0
8,sr,3,que,357.125,6.176072,3,-3.40822199659912,7.0,-9.716178454231134,9.055174,2.0,-3.568433301038069,8.230893
8,sr,4,recibió,416.19642857142856,6.290098,7,-9.786593801064628,3.0,-3.40822199659912,6.176072,7.0,-9.716178454231134,9.055174
8,sr,5,al,409.3392857142857,3.449044,2,-5.2030071867437115,7.0,-9.786593801064628,6.290098,3.0,-3.40822199659912,6.176072
8,sr,6,empresario,781.1607142857143,6.514084,10,-10.752119635936468,2.0,-5.2030071867437115,3.449044,7.0,-9.786593801064628,6.290098
8,sr,7,declarará,755.8392857142857,15.263586,9,-14.069113316763191,10.0,-10.752119635936468,6.514084,2.0,-5.2030071867437115,3.449044
8,sr,8,ante,476.0,2.057857,4,-8.105083540589405,9.0,-14.069113316763191,15.263586,10.0,-10.752119635936468,6.514084
8,sr,9,el,438.75,1.28252,2,-3.568433301038069,4.0,-8.105083540589405,2.057857,9.0,-14.069113316763191,15.263586
8,sr,10,juez.,697.8214285714286,0.860392,5,-9.601902574915355,2.0,-3.568433301038069,1.28252,4.0,-8.105083540589405,2.057857
8,tor,1,El,412.2258064516129,8.230895,2,-3.568433301038069,0.0,0.0,0.0,0.0,0.0,0.0
8,tor,2,alcalde,442.64516129032256,9.055181,7,-9.716178454231134,2.0,-3.568433301038069,8.230895,0.0,0.0,0.0
8,tor,3,al,456.9516129032258,7.436787,2,-5.2030071867437115,7.0,-9.716178454231134,9.055181,2.0,-3.568433301038069,8.230895
8,tor,4,que,397.758064516129,3.195995,3,-3.40822199659912,2.0,-5.2030071867437115,7.436787,7.0,-9.716178454231134,9.055181
8,tor,5,el,419.5806451612903,3.573641,2,-3.568433301038069,3.0,-3.40822199659912,3.195995,2.0,-5.2030071867437115,7.436787
8,tor,6,empresario,687.7903225806451,6.547588,10,-10.752119635936468,2.0,-3.568433301038069,3.573641,3.0,-3.40822199659912,3.195995
8,tor,7,recibió,1010.4193548387096,7.984137,7,-9.786593801064628,10.0,-10.752119635936468,6.547588,2.0,-3.568433301038069,3.573641
8,tor,8,declarará,702.0967741935484,14.516168,9,-14.069113316763191,7.0,-9.786593801064628,7.984137,10.0,-10.752119635936468,6.547588
8,tor,9,ante,479.56451612903226,2.328928,4,-8.105083540589405,9.0,-14.069113316763191,14.516168,7.0,-9.786593801064628,7.984137
8,tor,10,el,500.9516129032258,1.1653,2,-3.568433301038069,4.0,-8.105083540589405,2.328928,9.0,-14.069113316763191,14.516168
8,tor,11,juez.,677.5573770491803,0.817324,5,-9.601902574915355,2.0,-3.568433301038069,1.1653,4.0,-8.105083540589405,2.328928
9,orsi,1,El,424.4222222222222,8.230895,2,-3.568433301038069,0.0,0.0,0.0,0.0,0.0,0.0
9,orsi,2,detective,442.7111111111111,12.016132,9,-11.949881240169763,2.0,-3.568433301038069,8.230895,0.0,0.0,0.0
9,orsi,3,al,497.0,8.213417,2,-5.2030071867437115,9.0,-11.949881240169763,12.016132,2.0,-3.568433301038069,8.230895
9,orsi,4,que,505.97777777777776,2.790784,3,-3.40822199659912,2.0,-5.2030071867437115,8.213417,9.0,-11.949881240169763,12.016132
9,orsi,5,buscaba,480.93333333333334,7.359101,7,-11.190841965801114,3.0,-3.40822199659912,2.790784,2.0,-5.2030071867437115,8.213417
9,orsi,6,el,479.6,2.15806,2,-3.568433301038069,7.0,-11.190841965801114,7.359101,3.0,-3.40822199659912,2.790784
9,orsi,7,abogado,1062.3777777777777,6.311795,7,-9.739669467306733,2.0,-3.568433301038069,2.15806,7.0,-11.190841965801114,7.359101
9,orsi,8,entró,783.0222222222222,9.766488,5,-10.292095543577869,7.0,-9.739669467306733,6.311795,2.0,-3.568433301038069,2.15806
9,orsi,9,en,522.6888888888889,0.961391,2,-3.568433301038069,5.0,-10.292095543577869,9.766488,7.0,-9.739669467306733,6.311795
9,orsi,10,la,465.5111111111111,0.872073,2,-3.315937537711332,2.0,-3.568433301038069,0.961391,5.0,-10.292095543577869,9.766488
9,orsi,11,cafetería.,941.0666666666667,5.209703,10,-12.042254560300778,2.0,-3.315937537711332,0.872073,2.0,-3.568433301038069,0.961391
9,sr,1,El,363.12307692307695,8.230893,2,-3.568433301038069,0.0,0.0,0.0,0.0,0.0,0.0
9,sr,2,detective,447.0615384615385,12.016137,9,-11.949881240169763,2.0,-3.568433301038069,8.230893,0.0,0.0,0.0
9,sr,3,que,400.84615384615387,5.768159,3,-3.40822199659912,9.0,-11.949881240169763,12.016137,2.0,-3.568433301038069,8.230893
9,sr,4,buscaba,454.6461538461538,5.221393,7,-11.190841965801114,3.0,-3.40822199659912,5.768159,9.0,-11.949881240169763,12.016137
9,sr,5,al,433.18461538461537,2.818642,2,-5.2030071867437115,7.0,-11.190841965801114,5.221393,3.0,-3.40822199659912,5.768159
9,sr,6,abogado,655.3692307692307,7.365643,7,-9.739669467306733,2.0,-5.2030071867437115,2.818642,7.0,-11.190841965801114,5.221393
9,sr,7,entró,815.5692307692308,11.490515,5,-10.292095543577869,7.0,-9.739669467306733,7.365643,2.0,-5.2030071867437115,2.818642
9,sr,8,en,594.6,0.68053,2,-3.568433301038069,5.0,-10.292095543577869,11.490515,7.0,-9.739669467306733,7.365643
9,sr,9,la,542.4461538461538,1.216545,2,-3.315937537711332,2.0,-3.568433301038069,0.68053,5.0,-10.292095543577869,11.490515
9,sr,10,cafetería.,816.7538461538461,4.568697,10,-12.042254560300778,2.0,-3.315937537711332,1.216545,2.0,-3.568433301038069,0.68053
9,tor,1,El,390.46666666666664,8.230895,2,-3.568433301038069,0.0,0.0,0.0,0.0,0.0,0.0
9,tor,2,detective,429.0444444444444,12.016132,9,-11.949881240169763,2.0,-3.568433301038069,8.230895,0.0,0.0,0.0
9,tor,3,al,356.93333333333334,8.213417,2,-5.2030071867437115,9.0,-11.949881240169763,12.016132,2.0,-3.568433301038069,8.230895
9,tor,4,que,370.31111111111113,2.790784,3,-3.40822199659912,2.0,-5.2030071867437115,8.213417,9.0,-11.949881240169763,12.016132
9,tor,5,el,401.06666666666666,3.834092,2,-3.568433301038069,3.0,-3.40822199659912,2.790784,2.0,-5.2030071867437115,8.213417
9,tor,6,abogado,508.1777777777778,6.94868,7,-9.739669467306733,2.0,-3.568433301038069,3.834092,3.0,-3.40822199659912,2.790784
9,tor,7,buscaba,774.2888888888889,11.291998,7,-11.190841965801114,7.0,-9.739669467306733,6.94868,2.0,-3.568433301038069,3.834092
9,tor,8,entró,989.0444444444445,10.96549,5,-10.292095543577869,7.0,-11.190841965801114,11.291998,7.0,-9.739669467306733,6.94868
9,tor,9,en,620.9777777777778,0.803984,2,-3.568433301038069,5.0,-10.292095543577869,10.96549,7.0,-11.190841965801114,11.291998
9,tor,10,la,426.64444444444445,0.728246,2,-3.315937537711332,2.0,-3.568433301038069,0.803984,5.0,-10.292095543577869,10.96549
9,tor,11,cafetería.,811.6666666666666,5.574328,10,-12.042254560300778,2.0,-3.315937537711332,0.728246,2.0,-3.568433301038069,0.803984
10,orsi,1,El,382.35555555555555,8.230895,2,-3.568433301038069,0.0,0.0,0.0,0.0,0.0,0.0
10,orsi,2,biólogo,465.31111111111113,13.57946,7,-13.377255627033119,2.0,-3.568433301038069,8.230895,0.0,0.0,0.0
10,orsi,3,al,421.7111111111111,6.939539,2,-5.2030071867437115,7.0,-13.377255627033119,13.57946,2.0,-3.568433301038069,8.230895
10,orsi,4,que,443.1777777777778,3.113883,3,-3.40822199659912,2.0,-5.2030071867437115,6.939539,7.0,-13.377255627033119,13.57946
10,orsi,5,visitó,608.4444444444445,8.879198,6,-11.464135300800796,3.0,-3.40822199659912,3.113883,2.0,-5.2030071867437115,6.939539
10,orsi,6,el,432.1777777777778,2.103761,2,-3.568433301038069,6.0,-11.464135300800796,8.879198,3.0,-3.40822199659912,3.113883
10,orsi,7,quí­mico,838.2222222222222,16.795243,8,-23.025850929940457,2.0,-3.568433301038069,2.103761,6.0,-11.464135300800796,8.879198
10,orsi,8,trabaja,903.9333333333333,10.418402,7,-9.716178454231134,8.0,-23.025850929940457,16.795243,2.0,-3.568433301038069,2.103761
10,orsi,9,para,453.3333333333333,3.682649,4,-4.78909302414902,7.0,-9.716178454231134,10.418402,8.0,-23.025850929940457,16.795243
10,orsi,10,la,439.9555555555556,1.433047,2,-3.315937537711332,4.0,-4.78909302414902,3.682649,7.0,-9.716178454231134,10.418402
10,orsi,11,ONU.,855.6666666666666,6.483031,4,-10.819778284410283,2.0,-3.315937537711332,1.433047,4.0,-4.78909302414902,3.682649
10,sr,1,El,406.93333333333334,8.230895,2,-3.568433301038069,0.0,0.0,0.0,0.0,0.0,0.0
10,sr,2,biólogo,493.81666666666666,13.57946,7,-13.377255627033119,2.0,-3.568433301038069,8.230895,0.0,0.0,0.0
10,sr,3,que,427.3333333333333,4.873311,3,-3.40822199659912,7.0,-13.377255627033119,13.57946,2.0,-3.568433301038069,8.230895
10,sr,4,visitó,441.8666666666667,7.692423,6,-11.464135300800796,3.0,-3.40822199659912,4.873311,7.0,-13.377255627033119,13.57946
10,sr,5,al,456.48333333333335,4.082067,2,-5.2030071867437115,6.0,-11.464135300800796,7.692423,3.0,-3.40822199659912,4.873311
10,sr,6,quí­mico,649.25,16.753337,8,-23.025850929940457,2.0,-5.2030071867437115,4.082067,6.0,-11.464135300800796,7.692423
10,sr,7,trabaja,573.0166666666667,10.132547,7,-9.716178454231134,8.0,-23.025850929940457,16.753337,2.0,-5.2030071867437115,4.082067
10,sr,8,para,439.53333333333336,3.140725,4,-4.78909302414902,7.0,-9.716178454231134,10.132547,8.0,-23.025850929940457,16.753337
10,sr,9,la,447.06666666666666,1.627242,2,-3.315937537711332,4.0,-4.78909302414902,3.140725,7.0,-9.716178454231134,10.132547
10,sr,10,ONU.,774.1833333333333,6.464016,4,-10.819778284410283,2.0,-3.315937537711332,1.627242,4.0,-4.78909302414902,3.140725
10,tor,1,El,397.1666666666667,8.230895,2,-3.568433301038069,0.0,0.0,0.0,0.0,0.0,0.0
10,tor,2,biólogo,478.35,13.57946,7,-13.377255627033119,2.0,-3.568433301038069,8.230895,0.0,0.0,0.0
10,tor,3,al,403.3666666666667,6.939539,2,-5.2030071867437115,7.0,-13.377255627033119,13.57946,2.0,-3.568433301038069,8.230895
10,tor,4,que,389.1333333333333,3.113883,3,-3.40822199659912,2.0,-5.2030071867437115,6.939539,7.0,-13.377255627033119,13.57946
10,tor,5,el,390.55,3.611412,2,-3.568433301038069,3.0,-3.40822199659912,3.113883,2.0,-5.2030071867437115,6.939539
10,tor,6,quí­mico,542.7,14.517953,8,-23.025850929940457,2.0,-3.568433301038069,3.611412,3.0,-3.40822199659912,3.113883
10,tor,7,visitó,928.0333333333333,8.536026,6,-11.464135300800796,8.0,-23.025850929940457,14.517953,2.0,-3.568433301038069,3.611412
10,tor,8,trabaja,835.5833333333334,9.123528,7,-9.716178454231134,6.0,-11.464135300800796,8.536026,8.0,-23.025850929940457,14.517953
10,tor,9,para,500.8666666666667,2.893176,4,-4.78909302414902,7.0,-9.716178454231134,9.123528,6.0,-11.464135300800796,8.536026
10,tor,10,la,417.3333333333333,1.383081,2,-3.315937537711332,4.0,-4.78909302414902,2.893176,7.0,-9.716178454231134,9.123528
10,tor,11,ONU.,929.55,6.729924,4,-10.819778284410283,2.0,-3.315937537711332,1.383081,4.0,-4.78909302414902,2.893176
11,orsi,1,El,379.0,8.230893,2,-3.568433301038069,0.0,0.0,0.0,0.0,0.0,0.0
11,orsi,2,taxista,509.328125,12.902165,7,-12.066310703155015,2.0,-3.568433301038069,8.230893,0.0,0.0,0.0
11,orsi,3,al,389.734375,5.721537,2,-5.2030071867437115,7.0,-12.066310703155015,12.902165,2.0,-3.568433301038069,8.230893
11,orsi,4,que,366.90625,0.654976,3,-3.40822199659912,2.0,-5.2030071867437115,5.721537,7.0,-12.066310703155015,12.902165
11,orsi,5,informó,454.140625,10.605695,7,-10.501324553291749,3.0,-3.40822199659912,0.654976,2.0,-5.2030071867437115,5.721537
11,orsi,6,el,466.53125,2.289897,2,-3.568433301038069,7.0,-10.501324553291749,10.605695,3.0,-3.40822199659912,0.654976
11,orsi,7,vecino,898.03125,7.942167,6,-10.362353437371407,2.0,-3.568433301038069,2.289897,7.0,-10.501324553291749,10.605695
11,orsi,8,conocía,657.953125,10.778292,7,-10.775761398993508,6.0,-10.362353437371407,7.942167,2.0,-3.568433301038069,2.289897
11,orsi,9,bien,486.859375,2.534973,4,-6.653113060608556,7.0,-10.775761398993508,10.778292,6.0,-10.362353437371407,7.942167
11,orsi,10,el,421.109375,1.180527,2,-3.568433301038069,4.0,-6.653113060608556,2.534973,7.0,-10.775761398993508,10.778292
11,orsi,11,barrio.,933.84375,1.654331,7,-9.5556515572646,2.0,-3.568433301038069,1.180527,4.0,-6.653113060608556,2.534973
11,sr,1,El,364.82142857142856,8.230893,2,-3.568433301038069,0.0,0.0,0.0,0.0,0.0,0.0
11,sr,2,taxista,470.375,12.902165,7,-12.066310703155015,2.0,-3.568433301038069,8.230893,0.0,0.0,0.0
11,sr,3,que,400.5,2.246708,3,-3.40822199659912,7.0,-12.066310703155015,12.902165,2.0,-3.568433301038069,8.230893
11,sr,4,informó,431.69642857142856,10.055866,7,-10.501324553291749,3.0,-3.40822199659912,2.246708,7.0,-12.066310703155015,12.902165
11,sr,5,al,410.05357142857144,2.598172,2,-5.2030071867437115,7.0,-10.501324553291749,10.055866,3.0,-3.40822199659912,2.246708
11,sr,6,vecino,702.5714285714286,8.895175,6,-10.362353437371407,2.0,-5.2030071867437115,2.598172,7.0,-10.501324553291749,10.055866
11,sr,7,conocía,627.4821428571429,11.101671,7,-10.775761398993508,6.0,-10.362353437371407,8.895175,2.0,-5.2030071867437115,2.598172
11,sr,8,bien,555.1964285714286,3.323604,4,-6.653113060608556,7.0,-10.775761398993508,11.101671,6.0,-10.362353437371407,8.895175
11,sr,9,el,430.35714285714283,1.460997,2,-3.568433301038069,4.0,-6.653113060608556,3.323604,7.0,-10.775761398993508,11.101671
11,sr,10,barrio.,763.1071428571429,2.699995,7,-9.5556515572646,2.0,-3.568433301038069,1.460997,4.0,-6.653113060608556,3.323604
11,tor,1,El,384.8048780487805,8.230893,2,-3.568433301038069,0.0,0.0,0.0,0.0,0.0,0.0
11,tor,2,taxista,500.7317073170732,12.902165,7,-12.066310703155015,2.0,-3.568433301038069,8.230893,0.0,0.0,0.0
11,tor,3,al,414.0,5.721537,2,-5.2030071867437115,7.0,-12.066310703155015,12.902165,2.0,-3.568433301038069,8.230893
11,tor,4,que,413.780487804878,0.654976,3,-3.40822199659912,2.0,-5.2030071867437115,5.721537,7.0,-12.066310703155015,12.902165
11,tor,5,el,503.9756097560976,3.82601,2,-3.568433301038069,3.0,-3.40822199659912,0.654976,2.0,-5.2030071867437115,5.721537
11,tor,6,vecino,861.9024390243902,7.630234,6,-10.362353437371407,2.0,-3.568433301038069,3.82601,3.0,-3.40822199659912,0.654976
11,tor,7,informó,904.9024390243902,8.951651,7,-10.501324553291749,6.0,-10.362353437371407,7.630234,2.0,-3.568433301038069,3.82601
11,tor,8,conocía,828.4878048780488,11.883237,7,-10.775761398993508,7.0,-10.501324553291749,8.951651,6.0,-10.362353437371407,7.630234
11,tor,9,bien,503.2439024390244,3.089825,4,-6.653113060608556,7.0,-10.775761398993508,11.883237,7.0,-10.501324553291749,8.951651
11,tor,10,el,507.5609756097561,1.231733,2,-3.568433301038069,4.0,-6.653113060608556,3.089825,7.0,-10.775761398993508,11.883237
11,tor,11,barrio.,961.25,2.178337,7,-9.5556515572646,2.0,-3.568433301038069,1.231733,4.0,-6.653113060608556,3.089825
12,orsi,1,El,832.5294117647059,8.230895,2,-3.568433301038069,0.0,0.0,0.0,0.0,0.0,0.0
12,orsi,2,periodista,816.5588235294117,11.807421,10,-9.901489549873455,2.0,-3.568433301038069,8.230895,0.0,0.0,0.0
12,orsi,3,al,473.55882352941177,7.06012,2,-5.2030071867437115,10.0,-9.901489549873455,11.807421,2.0,-3.568433301038069,8.230895
12,orsi,4,que,452.55882352941177,2.684868,3,-3.40822199659912,2.0,-5.2030071867437115,7.06012,10.0,-9.901489549873455,11.807421
12,orsi,5,atacó,589.2058823529412,5.024129,5,-11.558969403471634,3.0,-3.40822199659912,2.684868,2.0,-5.2030071867437115,7.06012
12,orsi,6,el,508.52941176470586,1.596701,2,-3.568433301038069,5.0,-11.558969403471634,5.024129,3.0,-3.40822199659912,2.684868
12,orsi,7,senador,994.3529411764706,4.694669,7,-10.501324553291749,2.0,-3.568433301038069,1.596701,5.0,-11.558969403471634,5.024129
12,orsi,8,reconoció,930.6470588235294,11.705119,9,-11.21282087251989,7.0,-10.501324553291749,4.694669,2.0,-3.568433301038069,1.596701
12,orsi,9,finalmente,552.8235294117648,9.362829,10,-9.097011686669179,9.0,-11.21282087251989,11.705119,7.0,-10.501324553291749,4.694669
12,orsi,10,su,470.70588235294116,2.456572,2,-5.111008268243043,10.0,-9.097011686669179,9.362829,9.0,-11.21282087251989,11.705119
12,orsi,11,error.,1917.9411764705883,1.615182,6,-9.25638431047759,2.0,-5.111008268243043,2.456572,10.0,-9.097011686669179,9.362829
12,sr,1,El,384.12068965517244,8.230895,2,-3.568433301038069,0.0,0.0,0.0,0.0,0.0,0.0
12,sr,2,periodista,478.82758620689657,11.807421,10,-9.901489549873455,2.0,-3.568433301038069,8.230895,0.0,0.0,0.0
12,sr,3,que,446.8965517241379,5.150598,3,-3.40822199659912,10.0,-9.901489549873455,11.807421,2.0,-3.568433301038069,8.230895
12,sr,4,atacó,463.9310344827586,6.618334,5,-11.558969403471634,3.0,-3.40822199659912,5.150598,10.0,-9.901489549873455,11.807421
12,sr,5,al,469.12068965517244,1.767583,2,-5.2030071867437115,5.0,-11.558969403471634,6.618334,3.0,-3.40822199659912,5.150598
12,sr,6,senador,652.6034482758621,4.633799,7,-10.501324553291749,2.0,-5.2030071867437115,1.767583,5.0,-11.558969403471634,6.618334
12,sr,7,reconoció,673.3103448275862,12.079378,9,-11.21282087251989,7.0,-10.501324553291749,4.633799,2.0,-5.2030071867437115,1.767583
12,sr,8,finalmente,443.91379310344826,10.088695,10,-9.097011686669179,9.0,-11.21282087251989,12.079378,7.0,-10.501324553291749,4.633799
12,sr,9,su,416.67241379310343,1.791902,2,-5.111008268243043,10.0,-9.097011686669179,10.088695,9.0,-11.21282087251989,12.079378
12,sr,10,error.,699.1034482758621,1.071541,6,-9.25638431047759,2.0,-5.111008268243043,1.791902,10.0,-9.097011686669179,10.088695
12,tor,1,El,391.8139534883721,8.230895,2,-3.568433301038069,0.0,0.0,0.0,0.0,0.0,0.0
12,tor,2,periodista,488.2093023255814,11.807421,10,-9.901489549873455,2.0,-3.568433301038069,8.230895,0.0,0.0,0.0
12,tor,3,al,396.0232558139535,7.06012,2,-5.2030071867437115,10.0,-9.901489549873455,11.807421,2.0,-3.568433301038069,8.230895
12,tor,4,que,405.6744186046512,2.684868,3,-3.40822199659912,2.0,-5.2030071867437115,7.06012,10.0,-9.901489549873455,11.807421
12,tor,5,el,403.51162790697674,3.25178,2,-3.568433301038069,3.0,-3.40822199659912,2.684868,2.0,-5.2030071867437115,7.06012
12,tor,6,senador,474.5581395348837,6.063419,7,-10.501324553291749,2.0,-3.568433301038069,3.25178,3.0,-3.40822199659912,2.684868
12,tor,7,atacó,820.3488372093024,8.736806,5,-11.558969403471634,7.0,-10.501324553291749,6.063419,2.0,-3.568433301038069,3.25178
12,tor,8,reconoció,608.2093023255813,7.948563,9,-11.21282087251989,5.0,-11.558969403471634,8.736806,7.0,-10.501324553291749,6.063419
12,tor,9,finalmente,489.4651162790698,9.304313,10,-9.097011686669179,9.0,-11.21282087251989,7.948563,5.0,-11.558969403471634,8.736806
12,tor,10,su,460.30232558139534,2.578193,2,-5.111008268243043,10.0,-9.097011686669179,9.304313,9.0,-11.21282087251989,7.948563
12,tor,11,error.,793.3953488372093,1.111293,6,-9.25638431047759,2.0,-5.111008268243043,2.578193,10.0,-9.097011686669179,9.304313
13,orsi,1,El,371.91379310344826,8.230895,2,-3.568433301038069,0.0,0.0,0.0,0.0,0.0,0.0
13,orsi,2,mafioso,438.8448275862069,13.961876,7,-12.895227804820582,2.0,-3.568433301038069,8.230895,0.0,0.0,0.0
13,orsi,3,al,423.44827586206895,6.398667,2,-5.2030071867437115,7.0,-12.895227804820582,13.961876,2.0,-3.568433301038069,8.230895
13,orsi,4,que,376.37931034482756,2.60341,3,-3.40822199659912,2.0,-5.2030071867437115,6.398667,7.0,-12.895227804820582,13.961876
13,orsi,5,protege,426.4310344827586,9.792753,7,-11.355921716160564,3.0,-3.40822199659912,2.60341,2.0,-5.2030071867437115,6.398667
13,orsi,6,el,474.3965517241379,1.742102,2,-3.568433301038069,7.0,-11.355921716160564,9.792753,3.0,-3.40822199659912,2.60341
13,orsi,7,empresario,1018.551724137931,6.687303,10,-10.752119635936468,2.0,-3.568433301038069,1.742102,7.0,-11.355921716160564,9.792753
13,orsi,8,conduce,880.4310344827586,13.415742,7,-11.055500617931353,10.0,-10.752119635936468,6.687303,2.0,-3.568433301038069,1.742102
13,orsi,9,un,531.5862068965517,1.891632,2,-4.448166437178426,7.0,-11.055500617931353,13.415742,10.0,-10.752119635936468,6.687303
13,orsi,10,deportivo,433.05172413793105,5.51923,9,-10.637456727616328,2.0,-4.448166437178426,1.891632,7.0,-11.055500617931353,13.415742
13,orsi,11,rojo.,740.3620689655172,3.277993,5,-9.57850969534065,9.0,-10.637456727616328,5.51923,2.0,-4.448166437178426,1.891632
13,sr,1,El,413.8135593220339,8.230895,2,-3.568433301038069,0.0,0.0,0.0,0.0,0.0,0.0
13,sr,2,mafioso,483.59322033898303,13.961876,7,-12.895227804820582,2.0,-3.568433301038069,8.230895,0.0,0.0,0.0
13,sr,3,que,437.79661016949154,4.737557,3,-3.40822199659912,7.0,-12.895227804820582,13.961876,2.0,-3.568433301038069,8.230895
13,sr,4,protege,513.7118644067797,7.344033,7,-11.355921716160564,3.0,-3.40822199659912,4.737557,7.0,-12.895227804820582,13.961876
13,sr,5,al,451.54237288135596,1.83346,2,-5.2030071867437115,7.0,-11.355921716160564,7.344033,3.0,-3.40822199659912,4.737557
13,sr,6,empresario,945.7796610169491,6.67434,10,-10.752119635936468,2.0,-5.2030071867437115,1.83346,7.0,-11.355921716160564,7.344033
13,sr,7,conduce,684.271186440678,13.318559,7,-11.055500617931353,10.0,-10.752119635936468,6.67434,2.0,-5.2030071867437115,1.83346
13,sr,8,un,582.3389830508474,1.93159,2,-4.448166437178426,7.0,-11.055500617931353,13.318559,10.0,-10.752119635936468,6.67434
13,sr,9,deportivo,442.52542372881356,5.741831,9,-10.637456727616328,2.0,-4.448166437178426,1.93159,7.0,-11.055500617931353,13.318559
13,sr,10,rojo.,801.5084745762712,3.174762,5,-9.57850969534065,9.0,-10.637456727616328,5.741831,2.0,-4.448166437178426,1.93159
13,tor,1,El,369.0,8.230895,2,-3.568433301038069,0.0,0.0,0.0,0.0,0.0,0.0
13,tor,2,mafioso,432.05128205128204,13.961876,7,-12.895227804820582,2.0,-3.568433301038069,8.230895,0.0,0.0,0.0
13,tor,3,al,450.9230769230769,6.398667,2,-5.2030071867437115,7.0,-12.895227804820582,13.961876,2.0,-3.568433301038069,8.230895
13,tor,4,que,425.87179487179486,2.60341,3,-3.40822199659912,2.0,-5.2030071867437115,6.398667,7.0,-12.895227804820582,13.961876
13,tor,5,el,447.56410256410254,3.639182,2,-3.568433301038069,3.0,-3.40822199659912,2.60341,2.0,-5.2030071867437115,6.398667
13,tor,6,empresario,526.0769230769231,5.739384,10,-10.752119635936468,2.0,-3.568433301038069,3.639182,3.0,-3.40822199659912,2.60341
13,tor,7,protege,1118.128205128205,11.995099,7,-11.355921716160564,10.0,-10.752119635936468,5.739384,2.0,-3.568433301038069,3.639182
13,tor,8,conduce,1010.025641025641,11.998373,7,-11.055500617931353,7.0,-11.355921716160564,11.995099,10.0,-10.752119635936468,5.739384
13,tor,9,un,510.56410256410254,1.688961,2,-4.448166437178426,7.0,-11.055500617931353,11.998373,7.0,-11.355921716160564,11.995099
13,tor,10,deportivo,467.35897435897436,5.649905,9,-10.637456727616328,2.0,-4.448166437178426,1.688961,7.0,-11.055500617931353,11.998373
13,tor,11,rojo.,888.8717948717949,3.080379,5,-9.57850969534065,9.0,-10.637456727616328,5.649905,2.0,-4.448166437178426,1.688961
14,orsi,1,El,374.6190476190476,8.230895,2,-3.568433301038069,0.0,0.0,0.0,0.0,0.0,0.0
14,orsi,2,fiscal,551.4285714285714,11.426208,6,-9.533304258572603,2.0,-3.568433301038069,8.230895,0.0,0.0,0.0
14,orsi,3,al,404.0952380952381,6.447564,2,-5.2030071867437115,6.0,-9.533304258572603,11.426208,2.0,-3.568433301038069,8.230895
14,orsi,4,que,391.14285714285717,4.777991,3,-3.40822199659912,2.0,-5.2030071867437115,6.447564,6.0,-9.533304258572603,11.426208
14,orsi,5,investiga,505.76190476190476,6.74991,9,-11.766528223769146,3.0,-3.40822199659912,4.777991,2.0,-5.2030071867437115,6.447564
14,orsi,6,el,428.6190476190476,1.419635,2,-3.568433301038069,9.0,-11.766528223769146,6.74991,3.0,-3.40822199659912,4.777991
14,orsi,7,reportero,1269.1904761904761,11.858205,9,-12.157282481360742,2.0,-3.568433301038069,1.419635,9.0,-11.766528223769146,6.74991
14,orsi,8,ejerció,670.952380952381,11.117543,7,-12.501786889679218,9.0,-12.157282481360742,11.858205,2.0,-3.568433301038069,1.419635
14,orsi,9,durante,436.54761904761904,5.331495,7,-7.368204695423061,7.0,-12.501786889679218,11.117543,9.0,-12.157282481360742,11.858205
14,orsi,10,la,479.23809523809524,2.301953,2,-3.315937537711332,7.0,-7.368204695423061,5.331495,7.0,-12.501786889679218,11.117543
14,orsi,11,dictadura.,787.0952380952381,0.619902,10,-10.085009429159518,2.0,-3.315937537711332,2.301953,7.0,-7.368204695423061,5.331495
14,sr,1,El,376.3703703703704,8.230893,2,-3.568433301038069,0.0,0.0,0.0,0.0,0.0,0.0
14,sr,2,fiscal,489.462962962963,11.426203,6,-9.533304258572603,2.0,-3.568433301038069,8.230893,0.0,0.0,0.0
14,sr,3,que,416.74074074074076,5.986856,3,-3.40822199659912,6.0,-9.533304258572603,11.426203,2.0,-3.568433301038069,8.230893
14,sr,4,investiga,441.64814814814815,1.710794,9,-11.766528223769146,3.0,-3.40822199659912,5.986856,6.0,-9.533304258572603,11.426203
14,sr,5,al,496.1296296296296,1.981201,2,-5.2030071867437115,9.0,-11.766528223769146,1.710794,3.0,-3.40822199659912,5.986856
14,sr,6,reportero,955.5185185185185,10.504357,9,-12.157282481360742,2.0,-5.2030071867437115,1.981201,9.0,-11.766528223769146,1.710794
14,sr,7,ejerció,754.1111111111111,11.934324,7,-12.501786889679218,9.0,-12.157282481360742,10.504357,2.0,-5.2030071867437115,1.981201
14,sr,8,durante,461.5,5.521617,7,-7.368204695423061,7.0,-12.501786889679218,11.934324,9.0,-12.157282481360742,10.504357
14,sr,9,la,464.72222222222223,2.264906,2,-3.315937537711332,7.0,-7.368204695423061,5.521617,7.0,-12.501786889679218,11.934324
14,sr,10,dictadura.,716.8703703703703,0.502992,10,-10.085009429159518,2.0,-3.315937537711332,2.264906,7.0,-7.368204695423061,5.521617
14,tor,1,El,396.22222222222223,8.230895,2,-3.568433301038069,0.0,0.0,0.0,0.0,0.0,0.0
14,tor,2,fiscal,468.93333333333334,11.426208,6,-9.533304258572603,2.0,-3.568433301038069,8.230895,0.0,0.0,0.0
14,tor,3,al,434.2,6.447564,2,-5.2030071867437115,6.0,-9.533304258572603,11.426208,2.0,-3.568433301038069,8.230895
14,tor,4,que,405.8222222222222,4.777991,3,-3.40822199659912,2.0,-5.2030071867437115,6.447564,6.0,-9.533304258572603,11.426208
14,tor,5,el,419.0,3.302336,2,-3.568433301038069,3.0,-3.40822199659912,4.777991,2.0,-5.2030071867437115,6.447564
14,tor,6,reportero,648.7555555555556,10.361497,9,-12.157282481360742,2.0,-3.568433301038069,3.302336,3.0,-3.40822199659912,4.777991
14,tor,7,investiga,1159.5555555555557,8.417455,9,-11.766528223769146,9.0,-12.157282481360742,10.361497,2.0,-3.568433301038069,3.302336
14,tor,8,ejerció,759.6444444444444,11.846154,7,-12.501786889679218,9.0,-11.766528223769146,8.417455,9.0,-12.157282481360742,10.361497
14,tor,9,durante,484.6666666666667,4.722539,7,-7.368204695423061,7.0,-12.501786889679218,11.846154,9.0,-11.766528223769146,8.417455
14,tor,10,la,492.02222222222224,2.89614,2,-3.315937537711332,7.0,-7.368204695423061,4.722539,7.0,-12.501786889679218,11.846154
14,tor,11,dictadura.,859.3636363636364,0.925531,10,-10.085009429159518,2.0,-3.315937537711332,2.89614,7.0,-7.368204695423061,4.722539
15,orsi,1,El,397.20754716981133,8.230895,2,-3.568433301038069,0.0,0.0,0.0,0.0,0.0,0.0
15,orsi,2,farmacéutico,449.6981132075472,13.548755,12,-12.871604659057144,2.0,-3.568433301038069,8.230895,0.0,0.0,0.0
15,orsi,3,al,466.1320754716981,5.941947,2,-5.2030071867437115,12.0,-12.871604659057144,13.548755,2.0,-3.568433301038069,8.230895
15,orsi,4,que,423.45283018867923,4.997544,3,-3.40822199659912,2.0,-5.2030071867437115,5.941947,12.0,-12.871604659057144,13.548755
15,orsi,5,asesoró,479.79245283018867,10.740674,7,-14.82886300268156,3.0,-3.40822199659912,4.997544,2.0,-5.2030071867437115,5.941947
15,orsi,6,el,471.50943396226415,2.137399,2,-3.568433301038069,7.0,-14.82886300268156,10.740674,3.0,-3.40822199659912,4.997544
15,orsi,7,economista,876.3396226415094,8.668234,10,-11.464135300800796,2.0,-3.568433301038069,2.137399,7.0,-14.82886300268156,10.740674
15,orsi,8,montará,910.188679245283,19.941581,7,-15.33419410712991,10.0,-11.464135300800796,8.668234,2.0,-3.568433301038069,2.137399
15,orsi,9,una,591.8490566037735,1.4742,3,-4.720581037499419,7.0,-15.33419410712991,19.941581,10.0,-11.464135300800796,8.668234
15,orsi,10,cadena,449.58490566037733,2.38082,6,-9.786593801064628,3.0,-4.720581037499419,1.4742,7.0,-15.33419410712991,19.941581
15,orsi,11,comercial.,809.6037735849056,6.035806,10,-9.5556515572646,6.0,-9.786593801064628,2.38082,3.0,-4.720581037499419,1.4742
15,sr,1,El,379.42105263157896,8.230895,2,-3.568433301038069,0.0,0.0,0.0,0.0,0.0,0.0
15,sr,2,farmacéutico,434.1929824561403,13.548755,12,-12.871604659057144,2.0,-3.568433301038069,8.230895,0.0,0.0,0.0
15,sr,3,que,397.5263157894737,4.024095,3,-3.40822199659912,12.0,-12.871604659057144,13.548755,2.0,-3.568433301038069,8.230895
15,sr,4,asesoró,478.63157894736844,9.610909,7,-14.82886300268156,3.0,-3.40822199659912,4.024095,12.0,-12.871604659057144,13.548755
15,sr,5,al,431.5964912280702,1.815492,2,-5.2030071867437115,7.0,-14.82886300268156,9.610909,3.0,-3.40822199659912,4.024095
15,sr,6,economista,827.1578947368421,9.14254,10,-11.464135300800796,2.0,-5.2030071867437115,1.815492,7.0,-14.82886300268156,9.610909
15,sr,7,montará,727.4561403508771,19.587614,7,-15.33419410712991,10.0,-11.464135300800796,9.14254,2.0,-5.2030071867437115,1.815492
15,sr,8,una,579.3333333333334,1.70797,3,-4.720581037499419,7.0,-15.33419410712991,19.587614,10.0,-11.464135300800796,9.14254
15,sr,9,cadena,412.35087719298247,2.864922,6,-9.786593801064628,3.0,-4.720581037499419,1.70797,7.0,-15.33419410712991,19.587614
15,sr,10,comercial.,784.5263157894736,6.337514,10,-9.5556515572646,6.0,-9.786593801064628,2.864922,3.0,-4.720581037499419,1.70797
15,tor,1,El,385.1923076923077,8.230895,2,-3.568433301038069,0.0,0.0,0.0,0.0,0.0,0.0
15,tor,2,farmacéutico,453.8076923076923,13.548755,12,-12.871604659057144,2.0,-3.568433301038069,8.230895,0.0,0.0,0.0
15,tor,3,al,452.65384615384613,5.941947,2,-5.2030071867437115,12.0,-12.871604659057144,13.548755,2.0,-3.568433301038069,8.230895
15,tor,4,que,376.9230769230769,4.997544,3,-3.40822199659912,2.0,-5.2030071867437115,5.941947,12.0,-12.871604659057144,13.548755
15,tor,5,el,379.25,4.091104,2,-3.568433301038069,3.0,-3.40822199659912,4.997544,2.0,-5.2030071867437115,5.941947
15,tor,6,economista,559.5384615384615,8.242907,10,-11.464135300800796,2.0,-3.568433301038069,4.091104,3.0,-3.40822199659912,4.997544
15,tor,7,asesoró,1345.4615384615386,8.062151,7,-14.82886300268156,10.0,-11.464135300800796,8.242907,2.0,-3.568433301038069,4.091104
15,tor,8,montará,861.7884615384615,17.474502,7,-15.33419410712991,7.0,-14.82886300268156,8.062151,10.0,-11.464135300800796,8.242907
15,tor,9,una,543.9423076923077,1.148622,3,-4.720581037499419,7.0,-15.33419410712991,17.474502,7.0,-14.82886300268156,8.062151
15,tor,10,cadena,411.96153846153845,2.616417,6,-9.786593801064628,3.0,-4.720581037499419,1.148622,7.0,-15.33419410712991,17.474502
15,tor,11,comercial.,963.7307692307693,6.07293,10,-9.5556515572646,6.0,-9.786593801064628,2.616417,3.0,-4.720581037499419,1.148622
16,orsi,1,El,367.84313725490193,8.230895,2,-3.568433301038069,0.0,0.0,0.0,0.0,0.0,0.0
16,orsi,2,motorista,534.9411764705883,16.738802,9,-14.39176398705272,2.0,-3.568433301038069,8.230895,0.0,0.0,0.0
16,orsi,3,al,437.15686274509807,5.425626,2,-5.2030071867437115,9.0,-14.39176398705272,16.738802,2.0,-3.568433301038069,8.230895
16,orsi,4,que,434.98039215686276,1.957641,3,-3.40822199659912,2.0,-5.2030071867437115,5.425626,9.0,-14.39176398705272,16.738802
16,orsi,5,adelantó,559.2549019607843,9.098211,8,-12.639937228160036,3.0,-3.40822199659912,1.957641,2.0,-5.2030071867437115,5.425626
16,orsi,6,el,424.80392156862746,2.267525,2,-3.568433301038069,8.0,-12.639937228160036,9.098211,3.0,-3.40822199659912,1.957641
16,orsi,7,camionero,972.6078431372549,5.572584,9,-13.333084408719982,2.0,-3.568433301038069,2.267525,8.0,-12.639937228160036,9.098211
16,orsi,8,viajaba,729.4901960784314,11.263055,7,-12.480509491231933,9.0,-13.333084408719982,5.572584,2.0,-3.568433301038069,2.267525
16,orsi,9,hacia,447.88235294117646,4.040656,5,-7.851931214345828,7.0,-12.480509491231933,11.263055,9.0,-13.333084408719982,5.572584
16,orsi,10,el,478.0,2.119792,2,-3.568433301038069,5.0,-7.851931214345828,4.040656,7.0,-12.480509491231933,11.263055
16,orsi,11,camping.,674.6862745098039,10.56127,8,-12.986958740398125,2.0,-3.568433301038069,2.119792,5.0,-7.851931214345828,4.040656
16,sr,1,El,402.71153846153845,8.230895,2,-3.568433301038069,0.0,0.0,0.0,0.0,0.0,0.0
16,sr,2,motorista,550.9615384615385,16.738802,9,-14.39176398705272,2.0,-3.568433301038069,8.230895,0.0,0.0,0.0
16,sr,3,que,442.2307692307692,2.321039,3,-3.40822199659912,9.0,-14.39176398705272,16.738802,2.0,-3.568433301038069,8.230895
16,sr,4,adelantó,525.2884615384615,7.741149,8,-12.639937228160036,3.0,-3.40822199659912,2.321039,9.0,-14.39176398705272,16.738802
16,sr,5,al,478.21153846153845,2.158055,2,-5.2030071867437115,8.0,-12.639937228160036,7.741149,3.0,-3.40822199659912,2.321039
16,sr,6,camionero,1042.25,5.483578,9,-13.333084408719982,2.0,-5.2030071867437115,2.158055,8.0,-12.639937228160036,7.741149
16,sr,7,viajaba,768.0961538461538,11.502709,7,-12.480509491231933,9.0,-13.333084408719982,5.483578,2.0,-5.2030071867437115,2.158055
16,sr,8,hacia,551.0,4.208063,5,-7.851931214345828,7.0,-12.480509491231933,11.502709,9.0,-13.333084408719982,5.483578
16,sr,9,el,478.4230769230769,1.174297,2,-3.568433301038069,5.0,-7.851931214345828,4.208063,7.0,-12.480509491231933,11.502709
16,sr,10,camping.,761.9807692307693,11.980644,8,-12.986958740398125,2.0,-3.568433301038069,1.174297,5.0,-7.851931214345828,4.208063
16,tor,1,El,351.3076923076923,8.230895,2,-3.568433301038069,0.0,0.0,0.0,0.0,0.0,0.0
16,tor,2,motorista,514.4423076923077,16.738802,9,-14.39176398705272,2.0,-3.568433301038069,8.230895,0.0,0.0,0.0
16,tor,3,al,429.2692307692308,5.425626,2,-5.2030071867437115,9.0,-14.39176398705272,16.738802,2.0,-3.568433301038069,8.230895
16,tor,4,que,400.0,1.957641,3,-3.40822199659912,2.0,-5.2030071867437115,5.425626,9.0,-14.39176398705272,16.738802
16,tor,5,el,429.86538461538464,4.011117,2,-3.568433301038069,3.0,-3.40822199659912,1.957641,2.0,-5.2030071867437115,5.425626
16,tor,6,camionero,606.25,7.36507,9,-13.333084408719982,2.0,-3.568433301038069,4.011117,3.0,-3.40822199659912,1.957641
16,tor,7,adelantó,891.9423076923077,7.423932,8,-12.639937228160036,9.0,-13.333084408719982,7.36507,2.0,-3.568433301038069,4.011117
16,tor,8,viajaba,993.7692307692307,10.2799,7,-12.480509491231933,8.0,-12.639937228160036,7.423932,9.0,-13.333084408719982,7.36507
16,tor,9,hacia,473.46153846153845,3.512655,5,-7.851931214345828,7.0,-12.480509491231933,10.2799,8.0,-12.639937228160036,7.423932
16,tor,10,el,466.5769230769231,1.617266,2,-3.568433301038069,5.0,-7.851931214345828,3.512655,7.0,-12.480509491231933,10.2799
16,tor,11,camping.,610.0,10.504979,8,-12.986958740398125,2.0,-3.568433301038069,1.617266,5.0,-7.851931214345828,3.512655
17,orsi,1,El,382.9836065573771,8.230895,2,-3.568433301038069,0.0,0.0,0.0,0.0,0.0,0.0
17,orsi,2,traficante,479.2950819672131,14.356902,10,-13.42346847018825,2.0,-3.568433301038069,8.230895,0.0,0.0,0.0
17,orsi,3,al,414.4590163934426,6.95279,2,-5.2030071867437115,10.0,-13.42346847018825,14.356902,2.0,-3.568433301038069,8.230895
17,orsi,4,que,387.344262295082,1.559224,3,-3.40822199659912,2.0,-5.2030071867437115,6.95279,10.0,-13.42346847018825,14.356902
17,orsi,5,delató,574.1639344262295,9.952055,6,-14.82886300268156,3.0,-3.40822199659912,1.559224,2.0,-5.2030071867437115,6.95279
17,orsi,6,el,436.88524590163934,1.716275,2,-3.568433301038069,6.0,-14.82886300268156,9.952055,3.0,-3.40822199659912,1.559224
17,orsi,7,cómplice,938.4918032786885,6.359597,8,-11.812680118656278,2.0,-3.568433301038069,1.716275,6.0,-14.82886300268156,9.952055
17,orsi,8,escapó,782.2786885245902,9.120356,6,-11.973374881411152,8.0,-11.812680118656278,6.359597,2.0,-3.568433301038069,1.716275
17,orsi,9,de,484.1475409836066,1.061536,2,-2.739540868193581,6.0,-11.973374881411152,9.120356,8.0,-11.812680118656278,6.359597
17,orsi,10,la,429.1475409836066,0.454527,2,-3.315937537711332,2.0,-2.739540868193581,1.061536,6.0,-11.973374881411152,9.120356
17,orsi,11,cárcel.,759.4590163934427,0.479203,7,-9.76372561016097,2.0,-3.315937537711332,0.454527,2.0,-2.739540868193581,1.061536
17,sr,1,El,385.01612903225805,8.230895,2,-3.568433301038069,0.0,0.0,0.0,0.0,0.0,0.0
17,sr,2,traficante,441.9193548387097,14.356902,10,-13.42346847018825,2.0,-3.568433301038069,8.230895,0.0,0.0,0.0
17,sr,3,que,397.9516129032258,4.991399,3,-3.40822199659912,10.0,-13.42346847018825,14.356902,2.0,-3.568433301038069,8.230895
17,sr,4,delató,469.69354838709677,7.124656,6,-14.82886300268156,3.0,-3.40822199659912,4.991399,10.0,-13.42346847018825,14.356902
17,sr,5,al,402.3225806451613,1.705726,2,-5.2030071867437115,6.0,-14.82886300268156,7.124656,3.0,-3.40822199659912,4.991399
17,sr,6,cómplice,704.3387096774194,8.150927,8,-11.812680118656278,2.0,-5.2030071867437115,1.705726,6.0,-14.82886300268156,7.124656
17,sr,7,escapó,584.6774193548387,10.977834,6,-11.973374881411152,8.0,-11.812680118656278,8.150927,2.0,-5.2030071867437115,1.705726
17,sr,8,de,427.85483870967744,0.973578,2,-2.739540868193581,6.0,-11.973374881411152,10.977834,8.0,-11.812680118656278,8.150927
17,sr,9,la,423.1774193548387,0.56113,2,-3.315937537711332,2.0,-2.739540868193581,0.973578,6.0,-11.973374881411152,10.977834
17,sr,10,cárcel.,838.3064516129032,0.391023,7,-9.76372561016097,2.0,-3.315937537711332,0.56113,2.0,-2.739540868193581,0.973578
17,tor,1,El,424.22727272727275,8.230895,2,-3.568433301038069,0.0,0.0,0.0,0.0,0.0,0.0
17,tor,2,traficante,492.09090909090907,14.356902,10,-13.42346847018825,2.0,-3.568433301038069,8.230895,0.0,0.0,0.0
17,tor,3,al,456.75,6.95279,2,-5.2030071867437115,10.0,-13.42346847018825,14.356902,2.0,-3.568433301038069,8.230895
17,tor,4,que,415.6136363636364,1.559224,3,-3.40822199659912,2.0,-5.2030071867437115,6.95279,10.0,-13.42346847018825,14.356902
17,tor,5,el,424.3863636363636,3.51658,2,-3.568433301038069,3.0,-3.40822199659912,1.559224,2.0,-5.2030071867437115,6.95279
17,tor,6,cómplice,582.9090909090909,10.5124,8,-11.812680118656278,2.0,-3.568433301038069,3.51658,3.0,-3.40822199659912,1.559224
17,tor,7,delató,1541.8181818181818,11.970455,6,-14.82886300268156,8.0,-11.812680118656278,10.5124,2.0,-3.568433301038069,3.51658
17,tor,8,escapó,680.0454545454545,9.369268,6,-11.973374881411152,6.0,-14.82886300268156,11.970455,8.0,-11.812680118656278,10.5124
17,tor,9,de,459.8863636363636,0.871822,2,-2.739540868193581,6.0,-11.973374881411152,9.369268,6.0,-14.82886300268156,11.970455
17,tor,10,la,602.7045454545455,0.490685,2,-3.315937537711332,2.0,-2.739540868193581,0.871822,6.0,-11.973374881411152,9.369268
17,tor,11,cárcel.,1055.1627906976744,0.501698,7,-9.76372561016097,2.0,-3.315937537711332,0.490685,2.0,-2.739540868193581,0.871822
18,orsi,1,El,376.3958333333333,8.230895,2,-3.568433301038069,0.0,0.0,0.0,0.0,0.0,0.0
18,orsi,2,fotógrafo,479.7916666666667,12.503085,9,-11.399596779663225,2.0,-3.568433301038069,8.230895,0.0,0.0,0.0
18,orsi,3,al,466.2291666666667,6.314023,2,-5.2030071867437115,9.0,-11.399596779663225,12.503085,2.0,-3.568433301038069,8.230895
18,orsi,4,que,416.1041666666667,1.765089,3,-3.40822199659912,2.0,-5.2030071867437115,6.314023,9.0,-11.399596779663225,12.503085
18,orsi,5,admira,586.4375,8.609903,6,-12.965359628594664,3.0,-3.40822199659912,1.765089,2.0,-5.2030071867437115,6.314023
18,orsi,6,el,504.375,2.801038,2,-3.568433301038069,6.0,-12.965359628594664,8.609903,3.0,-3.40822199659912,1.765089
18,orsi,7,pintor,851.1458333333334,5.844483,6,-11.330603908176274,2.0,-3.568433301038069,2.801038,6.0,-12.965359628594664,8.609903
18,orsi,8,expuso,822.2291666666666,14.119114,6,-11.995811720046976,6.0,-11.330603908176274,5.844483,2.0,-3.568433301038069,2.801038
18,orsi,9,en,453.0,1.225486,2,-3.568433301038069,6.0,-11.995811720046976,14.119114,6.0,-11.330603908176274,5.844483
18,orsi,10,la,465.8333333333333,1.796515,2,-3.315937537711332,2.0,-3.568433301038069,1.225486,6.0,-11.995811720046976,14.119114
18,orsi,11,galería.,838.125,2.335602,8,-10.752119635936468,2.0,-3.315937537711332,1.796515,2.0,-3.568433301038069,1.225486
18,sr,1,El,389.22222222222223,8.230895,2,-3.568433301038069,0.0,0.0,0.0,0.0,0.0,0.0
18,sr,2,fotógrafo,520.3888888888889,12.503085,9,-11.399596779663225,2.0,-3.568433301038069,8.230895,0.0,0.0,0.0
18,sr,3,que,485.44444444444446,3.856641,3,-3.40822199659912,9.0,-11.399596779663225,12.503085,2.0,-3.568433301038069,8.230895
18,sr,4,admira,503.64814814814815,9.949315,6,-12.965359628594664,3.0,-3.40822199659912,3.856641,9.0,-11.399596779663225,12.503085
18,sr,5,al,483.5925925925926,3.091267,2,-5.2030071867437115,6.0,-12.965359628594664,9.949315,3.0,-3.40822199659912,3.856641
18,sr,6,pintor,804.5925925925926,4.586871,6,-11.330603908176274,2.0,-5.2030071867437115,3.091267,6.0,-12.965359628594664,9.949315
18,sr,7,expuso,847.6296296296297,13.795249,6,-11.995811720046976,6.0,-11.330603908176274,4.586871,2.0,-5.2030071867437115,3.091267
18,sr,8,en,497.9259259259259,1.390001,2,-3.568433301038069,6.0,-11.995811720046976,13.795249,6.0,-11.330603908176274,4.586871
18,sr,9,la,475.1111111111111,1.671502,2,-3.315937537711332,2.0,-3.568433301038069,1.390001,6.0,-11.995811720046976,13.795249
18,sr,10,galería.,767.7037037037037,2.316029,8,-10.752119635936468,2.0,-3.315937537711332,1.671502,2.0,-3.568433301038069,1.390001
18,tor,1,El,398.74545454545455,8.230895,2,-3.568433301038069,0.0,0.0,0.0,0.0,0.0,0.0
18,tor,2,fotógrafo,498.1818181818182,12.503085,9,-11.399596779663225,2.0,-3.568433301038069,8.230895,0.0,0.0,0.0
18,tor,3,al,435.41818181818184,6.314023,2,-5.2030071867437115,9.0,-11.399596779663225,12.503085,2.0,-3.568433301038069,8.230895
18,tor,4,que,402.8545454545455,1.765089,3,-3.40822199659912,2.0,-5.2030071867437115,6.314023,9.0,-11.399596779663225,12.503085
18,tor,5,el,425.6909090909091,3.672313,2,-3.568433301038069,3.0,-3.40822199659912,1.765089,2.0,-5.2030071867437115,6.314023
18,tor,6,pintor,685.5636363636364,5.824778,6,-11.330603908176274,2.0,-3.568433301038069,3.672313,3.0,-3.40822199659912,1.765089
18,tor,7,admira,1074.9636363636364,6.999246,6,-12.965359628594664,6.0,-11.330603908176274,5.824778,2.0,-3.568433301038069,3.672313
18,tor,8,expuso,699.0181818181818,13.228396,6,-11.995811720046976,6.0,-12.965359628594664,6.999246,6.0,-11.330603908176274,5.824778
18,tor,9,en,448.8363636363636,1.634515,2,-3.568433301038069,6.0,-11.995811720046976,13.228396,6.0,-12.965359628594664,6.999246
18,tor,10,la,417.1818181818182,1.655231,2,-3.315937537711332,2.0,-3.568433301038069,1.634515,6.0,-11.995811720046976,13.228396
18,tor,11,galería.,755.5636363636364,2.047255,8,-10.752119635936468,2.0,-3.315937537711332,1.655231,2.0,-3.568433301038069,1.634515
19,orsi,1,El,368.625,8.230895,2,-3.568433301038069,0.0,0.0,0.0,0.0,0.0,0.0
19,orsi,2,vigilante,469.65625,12.123733,9,-12.340747548856775,2.0,-3.568433301038069,8.230895,0.0,0.0,0.0
19,orsi,3,al,401.421875,6.25684,2,-5.2030071867437115,9.0,-12.340747548856775,12.123733,2.0,-3.568433301038069,8.230895
19,orsi,4,que,389.515625,2.726181,3,-3.40822199659912,2.0,-5.2030071867437115,6.25684,9.0,-12.340747548856775,12.123733
19,orsi,5,lesionó,474.46875,11.709495,7,-13.720200378159948,3.0,-3.40822199659912,2.726181,2.0,-5.2030071867437115,6.25684
19,orsi,6,el,433.375,2.789482,2,-3.568433301038069,7.0,-13.720200378159948,11.709495,3.0,-3.40822199659912,2.726181
19,orsi,7,atracador,1026.265625,10.995094,9,-15.31161978509137,2.0,-3.568433301038069,2.789482,7.0,-13.720200378159948,11.709495
19,orsi,8,testificó,617.625,11.505361,9,-14.36889579614906,9.0,-15.31161978509137,10.995094,2.0,-3.568433301038069,2.789482
19,orsi,9,para,444.015625,5.404685,4,-4.78909302414902,9.0,-14.36889579614906,11.505361,9.0,-15.31161978509137,10.995094
19,orsi,10,la,416.828125,1.209861,2,-3.315937537711332,4.0,-4.78909302414902,5.404685,9.0,-14.36889579614906,11.505361
19,orsi,11,policía.,718.71875,1.937448,8,-8.563237129917644,2.0,-3.315937537711332,1.209861,4.0,-4.78909302414902,5.404685
19,sr,1,El,400.62,8.230895,2,-3.568433301038069,0.0,0.0,0.0,0.0,0.0,0.0
19,sr,2,vigilante,456.36,12.123733,9,-12.340747548856775,2.0,-3.568433301038069,8.230895,0.0,0.0,0.0
19,sr,3,que,470.34,4.578084,3,-3.40822199659912,9.0,-12.340747548856775,12.123733,2.0,-3.568433301038069,8.230895
19,sr,4,lesionó,542.2,11.494265,7,-13.720200378159948,3.0,-3.40822199659912,4.578084,9.0,-12.340747548856775,12.123733
19,sr,5,al,459.22,2.788305,2,-5.2030071867437115,7.0,-13.720200378159948,11.494265,3.0,-3.40822199659912,4.578084
19,sr,6,atracador,661.9,8.113821,9,-15.31161978509137,2.0,-5.2030071867437115,2.788305,7.0,-13.720200378159948,11.494265
19,sr,7,testificó,691.66,11.182403,9,-14.36889579614906,9.0,-15.31161978509137,8.113821,2.0,-5.2030071867437115,2.788305
19,sr,8,para,569.22,5.247162,4,-4.78909302414902,9.0,-14.36889579614906,11.182403,9.0,-15.31161978509137,8.113821
19,sr,9,la,517.26,1.287819,2,-3.315937537711332,4.0,-4.78909302414902,5.247162,9.0,-14.36889579614906,11.182403
19,sr,10,policía.,829.3,1.928658,8,-8.563237129917644,2.0,-3.315937537711332,1.287819,4.0,-4.78909302414902,5.247162
19,tor,1,El,371.24444444444447,8.230895,2,-3.568433301038069,0.0,0.0,0.0,0.0,0.0,0.0
19,tor,2,vigilante,481.4,12.123733,9,-12.340747548856775,2.0,-3.568433301038069,8.230895,0.0,0.0,0.0
19,tor,3,al,382.4888888888889,6.25684,2,-5.2030071867437115,9.0,-12.340747548856775,12.123733,2.0,-3.568433301038069,8.230895
19,tor,4,que,406.8666666666667,2.726181,3,-3.40822199659912,2.0,-5.2030071867437115,6.25684,9.0,-12.340747548856775,12.123733
19,tor,5,el,432.9111111111111,3.327198,2,-3.568433301038069,3.0,-3.40822199659912,2.726181,2.0,-5.2030071867437115,6.25684
19,tor,6,atracador,505.6222222222222,10.05259,9,-15.31161978509137,2.0,-3.568433301038069,3.327198,3.0,-3.40822199659912,2.726181
19,tor,7,lesionó,931.5333333333333,10.03786,7,-13.720200378159948,9.0,-15.31161978509137,10.05259,2.0,-3.568433301038069,3.327198
19,tor,8,testificó,1133.3333333333333,12.293768,9,-14.36889579614906,7.0,-13.720200378159948,10.03786,9.0,-15.31161978509137,10.05259
19,tor,9,para,437.46666666666664,5.258862,4,-4.78909302414902,9.0,-14.36889579614906,12.293768,7.0,-13.720200378159948,10.03786
19,tor,10,la,441.53333333333336,1.335539,2,-3.315937537711332,4.0,-4.78909302414902,5.258862,9.0,-14.36889579614906,12.293768
19,tor,11,policía.,871.1555555555556,1.227043,8,-8.563237129917644,2.0,-3.315937537711332,1.335539,4.0,-4.78909302414902,5.258862
20,orsi,1,El,356.85714285714283,8.230893,2,-3.568433301038069,0.0,0.0,0.0,0.0,0.0,0.0
20,orsi,2,policía,430.9591836734694,13.547756,7,-8.563237129917644,2.0,-3.568433301038069,8.230893,0.0,0.0,0.0
20,orsi,3,al,391.38775510204084,5.226723,2,-5.2030071867437115,7.0,-8.563237129917644,13.547756,2.0,-3.568433301038069,8.230893
20,orsi,4,que,387.6938775510204,0.827312,3,-3.40822199659912,2.0,-5.2030071867437115,5.226723,7.0,-8.563237129917644,13.547756
20,orsi,5,criticó,498.9591836734694,7.427615,7,-12.157282481360742,3.0,-3.40822199659912,0.827312,2.0,-5.2030071867437115,5.226723
20,orsi,6,el,543.5918367346939,2.088719,2,-3.568433301038069,7.0,-12.157282481360742,7.427615,3.0,-3.40822199659912,0.827312
20,orsi,7,comisario,962.1224489795918,7.60033,9,-11.464135300800796,2.0,-3.568433301038069,2.088719,7.0,-12.157282481360742,7.427615
20,orsi,8,vive,787.6122448979592,11.300997,4,-9.16155020780675,9.0,-11.464135300800796,7.60033,2.0,-3.568433301038069,2.088719
20,orsi,9,en,522.5918367346939,0.476727,2,-3.568433301038069,4.0,-9.16155020780675,11.300997,9.0,-11.464135300800796,7.60033
20,orsi,10,el,442.0204081632653,2.116233,2,-3.568433301038069,2.0,-3.568433301038069,0.476727,4.0,-9.16155020780675,11.300997
20,orsi,11,barrio.,661.0408163265306,2.19425,7,-9.5556515572646,2.0,-3.568433301038069,2.116233,2.0,-3.568433301038069,0.476727
20,sr,1,El,478.6666666666667,8.230893,2,-3.568433301038069,0.0,0.0,0.0,0.0,0.0,0.0
20,sr,2,policía,475.77777777777777,13.547756,7,-8.563237129917644,2.0,-3.568433301038069,8.230893,0.0,0.0,0.0
20,sr,3,que,385.8333333333333,2.231592,3,-3.40822199659912,7.0,-8.563237129917644,13.547756,2.0,-3.568433301038069,8.230893
20,sr,4,criticó,510.1111111111111,8.872974,7,-12.157282481360742,3.0,-3.40822199659912,2.231592,7.0,-8.563237129917644,13.547756
20,sr,5,al,410.94444444444446,1.828638,2,-5.2030071867437115,7.0,-12.157282481360742,8.872974,3.0,-3.40822199659912,2.231592
20,sr,6,comisario,616.5,7.265965,9,-11.464135300800796,2.0,-5.2030071867437115,1.828638,7.0,-12.157282481360742,8.872974
20,sr,7,vive,695.7222222222222,11.189337,4,-9.16155020780675,9.0,-11.464135300800796,7.265965,2.0,-5.2030071867437115,1.828638
20,sr,8,en,523.7777777777778,0.983981,2,-3.568433301038069,4.0,-9.16155020780675,11.189337,9.0,-11.464135300800796,7.265965
20,sr,9,el,430.3888888888889,2.295408,2,-3.568433301038069,2.0,-3.568433301038069,0.983981,4.0,-9.16155020780675,11.189337
20,sr,10,barrio.,980.0555555555555,2.537721,7,-9.5556515572646,2.0,-3.568433301038069,2.295408,2.0,-3.568433301038069,0.983981
20,tor,1,El,450.84615384615387,8.230893,2,-3.568433301038069,0.0,0.0,0.0,0.0,0.0,0.0
20,tor,2,policía,446.03846153846155,13.547756,7,-8.563237129917644,2.0,-3.568433301038069,8.230893,0.0,0.0,0.0
20,tor,3,al,419.46153846153845,5.226723,2,-5.2030071867437115,7.0,-8.563237129917644,13.547756,2.0,-3.568433301038069,8.230893
20,tor,4,que,398.75,0.827312,3,-3.40822199659912,2.0,-5.2030071867437115,5.226723,7.0,-8.563237129917644,13.547756
20,tor,5,el,445.4230769230769,3.664856,2,-3.568433301038069,3.0,-3.40822199659912,0.827312,2.0,-5.2030071867437115,5.226723
20,tor,6,comisario,599.9038461538462,6.220564,9,-11.464135300800796,2.0,-3.568433301038069,3.664856,3.0,-3.40822199659912,0.827312
20,tor,7,criticó,895.6538461538462,9.392173,7,-12.157282481360742,9.0,-11.464135300800796,6.220564,2.0,-3.568433301038069,3.664856
20,tor,8,vive,954.1153846153846,9.474835,4,-9.16155020780675,7.0,-12.157282481360742,9.392173,9.0,-11.464135300800796,6.220564
20,tor,9,en,531.7884615384615,0.509358,2,-3.568433301038069,4.0,-9.16155020780675,9.474835,7.0,-12.157282481360742,9.392173
20,tor,10,el,466.2692307692308,2.054357,2,-3.568433301038069,2.0,-3.568433301038069,0.509358,4.0,-9.16155020780675,9.474835
20,tor,11,barrio.,819.3725490196078,1.971163,7,-9.5556515572646,2.0,-3.568433301038069,2.054357,2.0,-3.568433301038069,0.509358
